id_comercio,nombre_comercio,categoria_comercio,provincia
COM00870,iCon - Sucursal 11,Tecnología,Alajuela
COM01473,Viajes Colón - Sucursal 45,Viajes,Cartago
COM00738,Sucre - Sucursal 50,Farmacia,Puntarenas
COM01113,Shell - Sucursal 26,Gasolinera,Puntarenas
COM00091,Wallmart - Sucursal 9,Supermercado,Puntarenas
COM00604,Monge - Sucursal 6,Tecnología,San José
COM00102,Farmacia Catedral - Sucursal 22,,Cartago
COM01320,Avianca - Sucursal 40,Viajes,Alajuela
COM01376,Mas x Menos - Sucursal 56,Supermercado,Alajuela
COM00386,Monge - Sucursal 39,Tecnología,guanacaste
COM00289,Aliss - Sucursal 41,Retail,Puntarenas
COM01019,Farmacia Catedral - Sucursal 18,Farmacia,San José
COM00405,Ekono - Sucursal 36,Retail,Puntarenas
COM01190,Sucre - Sucursal 1,Farmacia,Alajuela
COM00404,Aliss - Sucursal 15,Retail,Limón
COM01034,La Bomba - Sucursal 40,Farmacia,Cartgago
COM00632,La Bomba - Sucursal 41,Farmacia,San José
COM01143,iCon - Sucursal 17,Tecnología,Heredia
COM00132,Walmart - Sucursal 21,Supermercado,Limón
COM00306,UNO - Sucursal 51,Gasolinera,Cartgago
COM00586,Burger King - Sucursal 30,Restaurante,Hereda
COM00262,Pizza Hut - Sucursal 43,Restaurante,San José
COM01084,Shell - Sucursal 45,Gasolinera,Cartago
COM00242,Subway - Sucursal 5,Restaurante,Cartago
COM01066,Ekono - Sucursal 42,Retail,Guanacaste
COM01006,Perimercados - Sucursal 46,Supermercado,Limón
COM00049,KFC - Sucursal 45,Restaurante,Heredia
COM00735,McDonald's - Sucursal 8,Restaurante,Puntarenas
COM00924,iCon - Sucursal 43,Tecnología,Alajuela
COM00032,Viajes Colón - Sucursal 18,Viajes,Guanacaste
COM00314,Starbucks - Sucursal 39,Restaurante,Heredia
COM00036,Farmacia Fischel - Sucursal 53,Farmacia,San José
COM00324,Starbucks - Sucursal 23,Restaurante,San José
COM00321,Subway - Sucursal 56,Restaurante,Guanacaste
COM00555,La Bomba - Sucursal 52,Farmacia,San José
COM00796,Farmacia Fischel - Sucursal 52,Farmacia,Guanacaste
COM00370,UNO - Sucursal 20,Gasolinera,Heredia
COM00362,McDonald's - Sucursal 56,Restaurante,Heredia
COM01041,Mas x Menos - Sucursal 5,Supermercado,Cartago
COM00141,Perimercados - Sucursal 4,Supermercado,Guanacaste
COM01175,Gollo - Sucursal 28,Tecnología,Cartago
COM00302,Starbucks - Sucursal 57,Restaurante,Puntarenas
COM01191,Aliss - Sucursal 23,Retail,Heredia
COM00260,Gollo - Sucursal 47,Tecnología,San José
COM00464,Aliss - Sucursal 43,Retail,San José
COM01470,Shell - Sucursal 1,Gasolinera,San José
COM01044,UNO - Sucursal 2,Gasolinera,Guanacaste
COM01425,Gollo - Sucursal 5,Tecnología,Cartgago
COM00872,PriceSmart - Sucursal 32,Supermercado,Puntarenas
COM00941,Starbucks - Sucursal 9,Restaurante,Guanacaste
COM00837,Monge - Sucursal 9,Tecnología,Cartago
COM00860,Interbus - Sucursal 25,Viajes,Heredia
COM00064,Pequeño Mundo - Sucursal 12,Retail,Heredia
COM00597,Extremetech - Sucursal 29,Tecnología,Limón
COM01299,Aliss - Sucursal 53,Retail,Alajuela
COM00204,Interbus - Sucursal 17,Viajes,Limón
COM01039,iCon - Sucursal 17,Tecnología,Puntarenas
COM00813,La Bomba - Sucursal 50,Farmacia,Alajuela
COM00207,Despegar - Sucursal 13,Viajes,Cartago
COM01061,Burger King - Sucursal 35,Restaurante,Cartago
COM00831,Monge - Sucursal 5,Tecnología,Guanacaste
COM00936,Pizza Hut - Sucursal 43,Restaurante,Limón
COM00339,Sucre - Sucursal 23,Farmacia,Puntarenas
COM00368,Walmart - Sucursal 23,Supermercado,Puntarenas
COM00737,Aliss - Sucursal 10,Retail,Guanacaste
COM00488,McDonald's - Sucursal 27,Restaurante,Alajuela
COM00455,Viajes Colón - Sucursal 43,Viajes,Guanacaste
COM01445,McDonald's - Sucursal 10,Restaurante,Heredia
COM00526,Viajes Colón - Sucursal 7,Viajes,Puntarenas
COM01025,Despegar - Sucursal 53,Viajes,Heredia
COM00704,UNO - Sucursal 28,Gasolinera,Limón
COM00197,Despegar - Sucursal 15,Viajes,San José
COM01033,Aliss - Sucursal 49,Retail,Alajuela
COM00966,La Bomba - Sucursal 43,Farmacia,Guanacaste
COM00189,Viajes Colón - Sucursal 24,Viajes,San José
COM00720,Starbucks - Sucursal 53,Restaurante,Limón
COM00221,Delta - Sucursal 12,Gasolinera,Alajuela
COM00900,Ekono - Sucursal 21,Retail,Alajuela
COM00785,Shell - Sucursal 38,Gasolinera,Cartago
COM00665,Interbus - Sucursal 55,Viajes,Puntarenas
COM00978,Ekono - Sucursal 13,Retail,Puntarenas
COM00487,Mas x Menos - Sucursal 27,Supermercado,Alajuela
COM01123,McDonald's - Sucursal 37,Restaurante,Puntarenas
COM00078,Pequeño Mundo - Sucursal 20,Retail,Limón
COM00994,Interbus - Sucursal 57,Viajes,San José
COM01406,Avianca - Sucursal 51,Viajes,San José
COM00332,Viajes Colón - Sucursal 43,Viajes,Limón
COM01251,Viajes Colón - Sucursal 55,Viajes,Alajuela
COM00916,Gollo - Sucursal 55,Tecnología,Limón
COM01294,Delta - Sucursal 59,Gasolinera,Alajuela
COM00878,Sucre - Sucursal 12,Farmacia,Puntarenas
COM00566,Farmacia Fischel - Sucursal 48,Farmacia,Heredia
COM00713,Ekono - Sucursal 44,Retail,Guanacaste
COM00272,Extremetech - Sucursal 44,Tecnología,San José
COM00636,Pizza Hut - Sucursal 49,Restaurante,Alajuela
COM01267,Ekono - Sucursal 47,Retail,Puntarenas
COM00853,Sucre - Sucursal 37,Farmacia,Hereda
COM01264,Viajes Colón - Sucursal 60,Viajes,Heredia
COM00694,Despegar - Sucursal 47,Viajes,San José
COM01260,Monge - Sucursal 57,Tecnología,San José
COM01214,Viajes Colón - Sucursal 54,Viajes,Puntarenas
COM00972,Shell - Sucursal 4,Gasolinera,Heredia
COM00160,Sucre - Sucursal 25,Farmacia,Limón
COM00213,UNO - Sucursal 37,Gasolinera,Heredia
COM00489,KFC - Sucursal 34,Restaurante,Alajuela
COM00254,Despegar - Sucursal 14,Viajes,Alajuela
COM01285,Farmacia Fischel - Sucursal 12,Farmacia,Limón
COM00461,iCon - Sucursal 9,Tecnología,puntarenas
COM00116,UNO - Sucursal 5,Gasolinera,Heredia
COM01346,Perimercados - Sucursal 1,Supermercado,Puntarenas
COM00492,iCon - Sucursal 47,Tecnología,Puntarenas
COM01032,Shell - Sucursal 6,Gasolinera,Heredia
COM01144,Interbus - Sucursal 42,Viajes,Alajuela
COM01205,Burger King - Sucursal 51,Restaurante,Guanacaste
COM01247,KFC - Sucursal 52,Restaurante,Alajuela
COM00150,Interbus - Sucursal 9,Viajes,Heredia
COM01326,Ekono - Sucursal 14,Retail,San José
COM00005,McDonald's - Sucursal 55,Restaurante,Guanacaste
COM00880,McDonald's - Sucursal 2,Restaurante,Guanacaste
COM00480,PriceSmart - Sucursal 6,Supermercado,guanacaste
COM01228,Automercado - Sucursal 13,Supermercado,Limón
COM00588,UNO - Sucursal 56,Gasolinera,Heredia
COM00292,Sucre - Sucursal 45,Farmacia,San José
COM00501,Sucre - Sucursal 39,Farmacia,Cartago
COM00931,Ekono - Sucursal 8,Retail,Hereda
COM01481,Ekono - Sucursal 38,Retail,Guanacaste
COM00883,Aliss - Sucursal 49,Retail,Heredia
COM00275,Viajes Colón - Sucursal 10,Viajes,Alajuela
COM00224,Despegar - Sucursal 54,Viajes,Limón
COM00938,UNO - Sucursal 51,,Hereda
COM00191,Aliss - Sucursal 13,Retail,Cartago
COM01035,McDonald's - Sucursal 23,Restaurante,Alajuela
COM01217,Avianca - Sucursal 6,Viajes,Heredia
COM00842,PriceSmart - Sucursal 19,Supermercado,PUNTARENAS
COM00879,Pequeño Mundo - Sucursal 39,Retail,San José
COM00910,Monge - Sucursal 33,Tecnología,San José
COM00124,Pequeño Mundo - Sucursal 11,Retail,Alajuela
COM01332,UNO - Sucursal 54,Gasolinera,Heredia
COM01131,Viajes Colón - Sucursal 30,Viajes,Heredia
COM01169,Walmart - Sucursal 6,Supermercado, Puntarenas
COM00877,Perimercados - Sucursal 47,Supermercado,San José
COM00425,Delta - Sucursal 32,Gasolinera,Cartago
COM00168,Starbucks - Sucursal 46,Restaurante,Puntarenas
COM00848,Viajes Colón - Sucursal 55,Viajes,Alajuela
COM01458,Extremetech - Sucursal 13,Tecnología,Heredia
COM01126,Despegar - Sucursal 43,Viajes,Cartago
COM00040,Ekono - Sucursal 2,Retail,GUANACASTE
COM01357,McDonald's - Sucursal 60,Restaurante,Puntarenas
COM01074,Ekono - Sucursal 60,Retail,Cartgago
COM00286,Mas x Menos - Sucursal 5,Supermercado,Heredia
COM00871,Avianca - Sucursal 43,Viajes,Puntarenas
COM00369,Mas x Menos - Sucursal 30,Supermercado,San José
COM01416,Aliss - Sucursal 48,Retail,Puntarenas
COM01037,McDonald's - Sucursal 51,Restaurante,Cartago
COM01464,Extremetech - Sucursal 29,Tecnología,Limón
COM01305,Shell - Sucursal 20,Gasolinera,Alajuela
COM00357,Ekono - Sucursal 20,Retail,Limón
COM01122,Shell - Sucursal 39,Gasolinera,San José
COM01051,Interbus - Sucursal 42,Viajes,Puntarenas
COM00319,Extremetech - Sucursal 9,Tecnología,Limón
COM00441,Gollo - Sucursal 30,Tecnología,Heredia
COM01183,Ekono - Sucursal 28,Retail,Puntarenas
COM00909,UNO - Sucursal 2,Gasolinera,Cartago
COM00067,Farmacia Catedral - Sucursal 46,,PUNTARENAS
COM00660,Pequeño Mundo - Sucursal 57,Retail,Guanacaste
COM00449,PriceSmart - Sucursal 60,Supermercado,Cartago
COM00473,Interbus - Sucursal 45,Viajes,Puntarenas
COM01004,Interbus - Sucursal 8,Viajes,Alajuela
COM00847,Sucre - Sucursal 35,Farmacia,Heredia
COM00300,Avianca - Sucursal 33,Viajes,Heredia
COM01056,UNO - Sucursal 31,Gasolinera,Heredia
COM00766,Avianca - Sucursal 1,Viajes,Alajuela
COM00804,Mas x Menos - Sucursal 13,Supermercado,Limón
COM00200,Ekono - Sucursal 26,Retail,Alajuela
COM00094,Pequeño Mundo - Sucursal 50,Retail,Guanacaste
COM01089,Monge - Sucursal 30,Tecnología,Guanacaste
COM00961,Monge - Sucursal 26,Tecnología,Hereda
COM00522,PriceSmart - Sucursal 43,Supermercado,San José
COM01284,Ekono - Sucursal 35,Retail,Limón
COM00186,Monge - Sucursal 55,Tecnología,Cartgago
COM00437,Delta - Sucursal 14,Gasolinera,Guanacaste
COM00893,La Bomba - Sucursal 21,Farmacia,Alajuela
COM00037,Shell - Sucursal 50,Gasolinera,Guanacaste
COM00742,Farmacia Fischel - Sucursal 5,Farmacia,San José
COM01195,UNO - Sucursal 42,Gasolinera,Heredia
COM00046,Interbus - Sucursal 12,Viajes,Guanacaste
COM00702,iCon - Sucursal 12,Tecnología,Alajuela
COM00083,Interbus - Sucursal 17,Viajes,Guanacaste
COM00708,Walmart - Sucursal 29,Supermercado, San José
COM00572,Gollo - Sucursal 15,Tecnología,Puntarenas
COM00294,Ekono - Sucursal 10,Retail,Heredia
COM00205,Sucre - Sucursal 39,Farmacia,Guanacaste
COM00755,Avianca - Sucursal 21,Viajes,Cartgago
COM00691,Pizza Hut - Sucursal 19,,San José
COM00456,Sucre - Sucursal 15,Farmacia,Cartago
COM00349,Perimercados - Sucursal 42,Supermercado,Cartago
COM00700,Ekono - Sucursal 32,Retail,Heredia
COM00747,La Bomba - Sucursal 49,Farmacia,Cartgago
COM00666,Avianca - Sucursal 53,Viajes,Alajuela
COM00634,UNO - Sucursal 6,Gasolinera,Cartago
COM00802,Perimercados - Sucursal 20,Supermercado,Heredia
COM01384,Ekono - Sucursal 53,Retail,guanacaste
COM00896,UNO - Sucursal 56,Gasolinera,Limón
COM00808,Interbus - Sucursal 47,Viajes,Heredia
COM01331,Gollo - Sucursal 36,Tecnología,Alajuela
COM00251,Interbus - Sucursal 26,Viajes,Guanacaste
COM01307,Pequeño Mundo - Sucursal 34,Retail,Alajuela
COM00641,Aliss - Sucursal 36,Retail,Puntarenas
COM00503,Delta - Sucursal 39,Gasolinera,Alajuela
COM01334,UNO - Sucursal 3,Gasolinera,Puntarenas
COM00817,Delta - Sucursal 21,Gasolinera,Heredia
COM00680,Ekono - Sucursal 3,Retail,Limón
COM01462,Interbus - Sucursal 27,Viajes,limón
COM00081,Gollo - Sucursal 48,Tecnología,San José
COM00753,Farmacia Fischel - Sucursal 32,Farmacia,Heredia
COM00810,Mas x Menos - Sucursal 45,Supermercado,Limón
COM01155,Automercado - Sucursal 37,Supermercado,Puntarenas
COM01271,Extremetech - Sucursal 28,Tecnología,Guanacaste
COM01298,UNO - Sucursal 52,Gasolinera,Puntarenas
COM00584,PriceSmart - Sucursal 29,Supermercado,Alajuela
COM00313,Pequeño Mundo - Sucursal 46,Retail,Limón
COM00723,Avianca - Sucursal 36,Viajes,Heredia
COM01288,Burger King - Sucursal 34,Restaurante,Heredia
COM00394,Starbucks - Sucursal 35,Restaurante,Puntarenas
COM01477,Automercado - Sucursal 20,Supermercado,Alajuela
COM01360,Automercado - Sucursal 2,Supermercado,Limón
COM00100,KFC - Sucursal 6,Restaurante,Guanacaste
COM00991,Automercado - Sucursal 16,Supermercado,Heredia
COM00911,Aliss - Sucursal 20,Retail,San José
COM00016,Farmacia Fischel - Sucursal 7,Farmacia,San José
COM00109,Perimercados - Sucursal 57,Supermercado,Limón
COM00812,Shell - Sucursal 43,Gasolinera,Cartago
COM00469,Delta - Sucursal 36,Gasolinera,Puntarenas
COM01440,Farmacia Fischel - Sucursal 42,Farmacia,Alajuela
COM00554,Mas x Menos - Sucursal 8,Supermercado,Guanacaste
COM01042,Interbus - Sucursal 35,Viajes,Puntarenas
COM00618,Ekono - Sucursal 9,Retail,san josé
COM00432,Walmart - Sucursal 59,Supermercado,Limón
COM00098,Automercado - Sucursal 5,Supermercado,Puntarenas
COM01347,Walmart - Sucursal 18,Supermercado,San José
COM00184,Extremetech - Sucursal 4,Tecnología,Limón
COM00528,Perimercados - Sucursal 26,Supermercado,Alajuela
COM01150,Avianca - Sucursal 3,Viajes,Alajuela
COM01342,McDonald's - Sucursal 26,Restaurante,Guanacaste
COM01163,Interbus - Sucursal 8,Viajes,Cartago
COM01182,Sucre - Sucursal 13,Farmacia,San José
COM00482,Subway - Sucursal 34,Restaurante,Heredia
COM00208,Delta - Sucursal 22,Gasolinera,Puntarenas
COM01165,Aliss - Sucursal 20,Retail, Cartgago
COM00227,Gollo - Sucursal 4,Tecnología,Alajuela
COM00508,Farmacia Catedral - Sucursal 23,Farmacia,Heredia
COM01290,Monge - Sucursal 53,Tecnología,Heredia
COM01078,Avianca - Sucursal 57,Viajes,Guanacaste
COM01236,Automercado - Sucursal 45,Supermercado,Puntarenas
COM00795,Aliss - Sucursal 22,Retail,Puntarenas
COM00791,La Bomba - Sucursal 19,Farmacia,Guanacaste
COM00019,La Bomba - Sucursal 35,Farmacia,Cartago
COM01412,Farmacia Fischel - Sucursal 29,Farmacia,Heredia
COM00195,Interbus - Sucursal 42,Viajes,Puntarenas
COM01427,Subway - Sucursal 58,Restaurante,Guanacaste
COM01179,Starbucks - Sucursal 60,Restaurante,San José
COM01045,Pizza Hut - Sucursal 52,Restaurante,Heredia
COM01388,Ekono - Sucursal 58,Retail,Cartago
COM00494,Shell - Sucursal 48,Gasolinera,Alajuela
COM00577,Monge - Sucursal 21,Tecnología,puntarenas
COM00617,Pequeño Mundo - Sucursal 33,Retail,Puntarenas
COM00563,Extremetech - Sucursal 23,Tecnología,Heredia
COM00655,KFC - Sucursal 50,Restaurante,Puntarenas
COM00567,Walmart - Sucursal 37,Supermercado,Limón
COM00960,Mas x Menos - Sucursal 28,Supermercado,Heredia
COM00255,Mas x Menos - Sucursal 54,Supermercado,Limón
COM00568,Shell - Sucursal 36,Gasolinera,Cartago
COM00035,Despegar - Sucursal 31,Viajes,Limón
COM00308,Monge - Sucursal 14,Tecnología,Alajuela
COM00524,Automercado - Sucursal 4,Supermercado,Cartago
COM01139,Subway - Sucursal 12,Restaurante,Limón
COM00650,Farmacia Fischel - Sucursal 7,Farmacia,Cartgago
COM01283,iCon - Sucursal 45,Tecnología,Puntarenas
COM01297,Monge - Sucursal 3,Tecnología,Limón
COM00138,La Bomba - Sucursal 54,Farmacia,Limón
COM00861,Interbus - Sucursal 18,Viajes,Cartgago
COM00054,Ekono - Sucursal 8,Retail,guanacaste
COM00599,Viajes Colón - Sucursal 16,Viajes,Puntarenas
COM01391,Automercado - Sucursal 4,Supermercado,Limón
COM01482,Ekono - Sucursal 44,Retail,San José
COM01265,Interbus - Sucursal 33,Viajes,Guanacaste
COM01330,PriceSmart - Sucursal 14,Supermercado,Guanacaste
COM01455,Delta - Sucursal 34,Gasolinera,Alajuela
COM00533,Ekono - Sucursal 38,Retail,San José
COM01447,Pizza Hut - Sucursal 36,Restaurante,Alajuela
COM01499,Walmart - Sucursal 29,Supermercado,San José
COM00516,Subway - Sucursal 59,Restaurante,Guanacaste
COM01249,La Bomba - Sucursal 36,Farmacia,Heredia
COM01274,Aliss - Sucursal 3,Retail,Puntarenas
COM00038,Viajes Colón - Sucursal 30,Viajes,Alajuela
COM01256,Pequeño Mundo - Sucursal 45,Retail,Puntarenas
COM00412,iCon - Sucursal 57,Tecnología,Alajuela
COM01281,PriceSmart - Sucursal 17,Supermercado,Guanacaste
COM00625,Perimercados - Sucursal 29,Supermercado,Guanacaste
COM01101,Pequeño Mundo - Sucursal 38,Retail,Cartago
COM01396,Subway - Sucursal 47,Restaurante,Limón
COM01225,Aliss - Sucursal 23,Retail,Alajuela
COM01401,Pequeño Mundo - Sucursal 23,Retail,Alajuela
COM00696,Aliss - Sucursal 13,Retail,Heredia
COM00923,Extremetech - Sucursal 12,Tecnología,Puntarenas
COM01207,Extremetech - Sucursal 28,Tecnología,Alajuela
COM00687,Pizza Hut - Sucursal 55,Restaurante,Guanacaste
COM00268,Interbus - Sucursal 55,Viajes,Limón
COM01474,UNO - Sucursal 51,Gasolinera,Cartago
COM01323,Ekono - Sucursal 1,Retail,Guanacaste
COM00834,UNO - Sucursal 49,Gasolinera,Cartago
COM01185,UNO - Sucursal 45,Gasolinera,San José
COM01301,Despegar - Sucursal 59,,Puntarenas
COM00277,Pequeño Mundo - Sucursal 43,Retail,Cartago
COM00901,iCon - Sucursal 15,Tecnología,Alajuela
COM01194,KFC - Sucursal 20,Restaurante,Limón
COM00043,Viajes Colón - Sucursal 20,Viajes,Puntarenas
COM00371,Gollo - Sucursal 47,Tecnología,Heredia
COM01031,Despegar - Sucursal 15,Viajes,Cartago
COM01242,Interbus - Sucursal 54,Viajes,Limón
COM00291,PriceSmart - Sucursal 28,Supermercado,Alajuela
COM00475,Aliss - Sucursal 10,Retail,Guanacaste
COM00245,Viajes Colón - Sucursal 8,Viajes,Alajuela
COM00446,Automercado - Sucursal 25,Supermercado,Limón
COM00544,Aliss - Sucursal 8,Retail,Cartago
COM01022,Walmart - Sucursal 16,Supermercado,San José
COM01047,Starbucks - Sucursal 2,Restaurante,Cartago
COM01489,Starbucks - Sucursal 1,Restaurante, Guanacaste
COM01310,Ekono - Sucursal 26,Retail,Alajuela
COM00399,Viajes Colón - Sucursal 19,Viajes,Limón
COM00334,Interbus - Sucursal 9,Viajes,Alajuela
COM00392,Extremetech - Sucursal 30,Tecnología,Cartago
COM00986,UNO - Sucursal 39,Gasolinera,alajuela
COM01213,Farmacia Catedral - Sucursal 12,Farmacia,Alajuela
COM00181,Shell - Sucursal 19,Gasolinera,ALAJUELA
COM01048,UNO - Sucursal 10,Gasolinera,Cartago
COM00874,Automercado - Sucursal 13,Supermercado,San José
COM01197,Aliss - Sucursal 39,Retail,Alajuela
COM00006,Interbus - Sucursal 55,Viajes,San José
COM00077,Viajes Colón - Sucursal 46,Viajes,Limón
COM00844,Gollo - Sucursal 13,Tecnología,Heredia
COM00131,Sucre - Sucursal 9,Farmacia,San José
COM01315,Farmacia Catedral - Sucursal 11,Farmacia,Cartago
COM01063,Farmacia Catedral - Sucursal 52,Farmacia,Puntarenas
COM00582,Subway - Sucursal 30,Restaurante,San José
COM00678,Ekono - Sucursal 45,Retail,Guanacaste
COM00684,Extremetech - Sucursal 22,Tecnología,Puntarenas
COM01222,Sucre - Sucursal 59,Farmacia,Guanacaste
COM01231,Monge - Sucursal 34,Tecnología,San José
COM01457,Automercado - Sucursal 33,Supermercado,Alajuela
COM00964,Viajes Colón - Sucursal 25,Viajes,Cartago
COM01149,Pequeño Mundo - Sucursal 33,Retail,Puntarenas
COM00805,Starbucks - Sucursal 58,Restaurante,Guanacaste
COM01402,Mas x Menos - Sucursal 46,Supermercado,Heredia
COM00288,La Bomba - Sucursal 49,Farmacia,Alajuela
COM00203,Aliss - Sucursal 42,Retail,Cartago
COM00408,Farmacia Catedral - Sucursal 46,Farmacia,Cartago
COM00857,Extremetech - Sucursal 11,Tecnología,Hereda
COM00259,iCon - Sucursal 30,,San José
COM00111,Monge - Sucursal 24,Tecnología,Alajuela
COM00304,Mas x Menos - Sucursal 34,Supermercado,Alajuela
COM01400,La Bomba - Sucursal 52,Farmacia,Guanacaste
COM00673,La Bomba - Sucursal 56,Farmacia,Guanacaste
COM01397,Perimercados - Sucursal 27,Supermercado,Hereda
COM00885,La Bomba - Sucursal 29,Farmacia,Alajuela
COM01067,Farmacia Catedral - Sucursal 51,Farmacia,Limón
COM00066,Monge - Sucursal 26,Tecnología,Guanacaste
COM00126,Subway - Sucursal 43,Restaurante,Guanacaste
COM01275,Shell - Sucursal 6,Gasolinera,Guanacaste
COM00510,KFC - Sucursal 17,Restaurante,Alajuela
COM00724,Ekono - Sucursal 13,Retail,Cartago
COM01446,La Bomba - Sucursal 41,Farmacia,Alajuela
COM00970,Shell - Sucursal 59,Gasolinera,Puntarenas
COM00886,Ekono - Sucursal 27,Retail,Alajuela
COM01292,La Bomba - Sucursal 51,Farmacia,San José
COM00105,Monge - Sucursal 10,Tecnología,Alajuela
COM00165,Farmacia Fischel - Sucursal 1,Farmacia,Guanacaste
COM00343,Interbus - Sucursal 28,Viajes,Cartago
COM01016,Viajes Colón - Sucursal 45,Viajes,Cartago
COM00329,PriceSmart - Sucursal 6,Supermercado,Heredia
COM00760,Walmart - Sucursal 50,Supermercado,San José
COM01112,Pequeño Mundo - Sucursal 31,Retail,Guanacaste
COM00010,PriceSmart - Sucursal 30,Supermercado,San José
COM01361,Starbucks - Sucursal 1,Restaurante,Guanacaste
COM00326,Starbucks - Sucursal 14,Restaurante,Alajuela
COM01277,La Bomba - Sucursal 1,Farmacia,Alajuela
COM00398,Delta - Sucursal 26,Gasolinera,Guanacaste
COM00454,Farmacia Fischel - Sucursal 22,Farmacia,Cartago
COM00789,Perimercados - Sucursal 33,Supermercado,Limón
COM00721,Aliss - Sucursal 39,Retail,Alajuela
COM00807,Shell - Sucursal 51,Gasolinera,puntarenas
COM00002,Interbus - Sucursal 31,Viajes,San José
COM00826,Perimercados - Sucursal 48,Supermercado,Heredia
COM01465,Aliss - Sucursal 58,Retail,Puntarenas
COM00325,La Bomba - Sucursal 39,Farmacia,Puntarenas
COM00581,Shell - Sucursal 60,Gasolinera,Guanacaste
COM00793,Gollo - Sucursal 45,Tecnología,Alajuela
COM00153,Farmacia Catedral - Sucursal 8,Farmacia,Cartago
COM00107,PriceSmart - Sucursal 23,Supermercado,Alajuela
COM00448,McDonald's - Sucursal 29,Restaurante,Puntarenas
COM00862,Interbus - Sucursal 20,Viajes,Cartago
COM00143,Extremetech - Sucursal 21,Tecnología,Hereda
COM00058,Farmacia Fischel - Sucursal 44,Farmacia,Puntarenas
COM00792,Subway - Sucursal 28,Restaurante,San José
COM00004,UNO - Sucursal 47,Gasolinera,San José
COM01152,Walmart - Sucursal 35,Supermercado,Guanacaste
COM00312,Ekono - Sucursal 41,Retail,San José
COM00060,Extremetech - Sucursal 33,Tecnología,Cartago
COM00649,Despegar - Sucursal 7,Viajes,Cartago
COM00149,Pequeño Mundo - Sucursal 17,Retail,Hereda
COM00729,Starbucks - Sucursal 21,Restaurante,Guanacaste
COM01424,Automercado - Sucursal 29,Supermercado,Limón
COM00429,Delta - Sucursal 5,Gasolinera,Cartago
COM00521,Starbucks - Sucursal 50,Restaurante,Alajuela
COM00717,Extremetech - Sucursal 51,Tecnología,Heredia
COM00393,iCon - Sucursal 45,Tecnología,Limón
COM00409,Interbus - Sucursal 23,Viajes,Heredia
COM00534,Delta - Sucursal 25,Gasolinera,Heredia
COM00110,Pequeño Mundo - Sucursal 28,Retail,Cartago
COM01106,McDonald's - Sucursal 2,Restaurante,Heredia
COM00128,KFC - Sucursal 50,Restaurante,Limón
COM00569,Gollo - Sucursal 14,Tecnología,Cartago
COM00968,Subway - Sucursal 19,Restaurante,Heredia
COM00867,Farmacia Catedral - Sucursal 44,Farmacia,Alajuela
COM01359,Aliss - Sucursal 43,Retail,San José
COM00692,Monge - Sucursal 17,Tecnología,Heredia
COM00593,Pequeño Mundo - Sucursal 49,Retail,Heredia
COM00093,UNO - Sucursal 34,Gasolinera,Heredia
COM01065,KFC - Sucursal 14,Restaurante,Puntarenas
COM00301,Despegar - Sucursal 10,Viajes,Puntarenas
COM01238,Aliss - Sucursal 18,Retail,Heredia
COM00601,Monge - Sucursal 35,Tecnología,Heredia
COM01312,Extremetech - Sucursal 35,Tecnología,Alajuela
COM00898,Sucre - Sucursal 18,Farmacia,Heredia
COM00746,Farmacia Catedral - Sucursal 23,Farmacia,Guanacaste
COM00188,Gollo - Sucursal 39,Tecnología,Cartgago
COM00669,UNO - Sucursal 20,Gasolinera,San José
COM01411,Pequeño Mundo - Sucursal 1,Retail,Limón
COM00556,Interbus - Sucursal 6,Viajes,Cartago
COM00047,Despegar - Sucursal 56,Viajes,San José
COM00629,KFC - Sucursal 42,Restaurante,Puntarenas
COM00640,Shell - Sucursal 40,Gasolinera,Alajuela
COM00693,PriceSmart - Sucursal 1,Supermercado,Heredia
COM00903,Perimercados - Sucursal 6,Supermercado,San José
COM01134,Burger King - Sucursal 41,Restaurante,Heredia
COM00158,Shell - Sucursal 20,Gasolinera,Guanacaste
COM00212,Delta - Sucursal 5,Gasolinera,Alajuela
COM00697,Interbus - Sucursal 10,Viajes,San José
COM01135,Walmart - Sucursal 21,Supermercado,Guanacaste
COM00891,Mas x Menos - Sucursal 14,Supermercado,Guanacaste
COM00718,Pequeño Mundo - Sucursal 39,Retail,Alajuela
COM00358,Ekono - Sucursal 34,Retail,Limón
COM00949,Perimercados - Sucursal 44,Supermercado,Puntarenas
COM01081,McDonald's - Sucursal 25,Restaurante,Guanacaste
COM00951,Gollo - Sucursal 32,Tecnología,Cartago
COM00947,Farmacia Fischel - Sucursal 17,Farmacia,Cartago
COM00106,Pizza Hut - Sucursal 51,Restaurante,San José
COM01226,KFC - Sucursal 32,Restaurante,Limón
COM00644,Avianca - Sucursal 57,Viajes,Alajuela
COM01087,Avianca - Sucursal 30,Viajes,San José
COM00716,Farmacia Catedral - Sucursal 51,Farmacia,Cartago
COM00330,Burger King - Sucursal 58,Restaurante,San José
COM00835,Extremetech - Sucursal 8,Tecnología,Alajuela
COM00214,Farmacia Catedral - Sucursal 21,Farmacia,Alajuela
COM00144,Monge - Sucursal 53,Tecnología,Limón
COM00520,Shell - Sucursal 45,Gasolinera,Heredia
COM00457,Farmacia Fischel - Sucursal 47,Farmacia,Puntarenas
COM01387,Ekono - Sucursal 60,Retail,Puntarenas
COM00279,Farmacia Fischel - Sucursal 36,Farmacia,Puntarenas
COM00146,Aliss - Sucursal 37,Retail,Cartago
COM01444,Gollo - Sucursal 37,Tecnología,Alajuela
COM00850,Automercado - Sucursal 4,Supermercado,Cartago
COM00119,Shell - Sucursal 40,Gasolinera, Guanacaste
COM00955,Monge - Sucursal 19,Tecnología,Cartago
COM00159,Despegar - Sucursal 19,Viajes,Limón
COM00052,Viajes Colón - Sucursal 48,Viajes,Hereda
COM01442,Pequeño Mundo - Sucursal 37,Retail,Limón
COM00619,Burger King - Sucursal 14,Restaurante,Cartgago
COM00250,Shell - Sucursal 8,Gasolinera,Alajuela
COM00018,Avianca - Sucursal 4,Viajes,Guanacaste
COM01268,KFC - Sucursal 2,Restaurante,San José
COM00471,Aliss - Sucursal 18,Retail,Limón
COM00892,Mas x Menos - Sucursal 56,Supermercado,Alajuela
COM00305,Walmart - Sucursal 8,Supermercado,Limón
COM01090,Burger King - Sucursal 41,Restaurante,Cartago
COM00007,Monge - Sucursal 1,Tecnología,Heredia
COM01168,Subway - Sucursal 39,Restaurante, Puntarenas
COM01351,Farmacia Catedral - Sucursal 59,Farmacia,Guanacaste
COM00855,Walmart - Sucursal 55,Supermercado,Guanacaste
COM00490,Pequeño Mundo - Sucursal 6,Retail,Alajuela
COM00435,Viajes Colón - Sucursal 40,Viajes,Guanacaste
COM01109,Avianca - Sucursal 24,Viajes,Guanacaste
COM01239,Farmacia Fischel - Sucursal 28,Farmacia,Limón
COM00761,Delta - Sucursal 20,Gasolinera,Cartago
COM00541,Farmacia Fischel - Sucursal 14,Farmacia,Limón
COM00414,iCon - Sucursal 47,Tecnología,Limón
COM00028,Burger King - Sucursal 51,Restaurante,Limón
COM00228,Pizza Hut - Sucursal 14,Restaurante,San José
COM00142,Pequeño Mundo - Sucursal 49,Retail,Guanacaste
COM00015,Shell - Sucursal 20,Gasolinera,San José
COM00080,Sucre - Sucursal 19,Farmacia,Heredia
COM00540,Pequeño Mundo - Sucursal 21,Retail,Guanacaste
COM00550,Monge - Sucursal 58,Tecnología,Puntarenas
COM00906,Delta - Sucursal 32,Gasolinera,Cartgago
COM01302,Extremetech - Sucursal 23,Tecnología,Cartago
COM00967,Aliss - Sucursal 33,Retail,Guanacaste
COM00574,Despegar - Sucursal 8,Viajes,Cartago
COM01071,Despegar - Sucursal 53,Viajes,Heredia
COM00401,Pequeño Mundo - Sucursal 58,Retail,Heredia
COM00548,Ekono - Sucursal 1,Retail,Puntarenas
COM01060,Gollo - Sucursal 25,Tecnología, Limón
COM01102,Pequeño Mundo - Sucursal 41,Retail,Limón
COM00736,iCon - Sucursal 57,Tecnología,Guanacaste
COM00051,Interbus - Sucursal 42,Viajes,Heredia
COM01073,Ekono - Sucursal 23,Retail,Guanacaste
COM00042,UNO - Sucursal 51,Gasolinera,Heredia
COM00621,iCon - Sucursal 49,Tecnología,Alajuela
COM00995,Avianca - Sucursal 50,Viajes,Guanacaste
COM00247,UNO - Sucursal 51,Gasolinera,Puntarenas
COM01093,Delta - Sucursal 58,Gasolinera,Heredia
COM00633,Pequeño Mundo - Sucursal 41,Retail,Cartago
COM01167,Sucre - Sucursal 6,Farmacia,Heredia
COM00628,Pequeño Mundo - Sucursal 5,Retail,Guanacaste
COM00918,Mas x Menos - Sucursal 48,Supermercado,Cartago
COM00839,UNO - Sucursal 29,Gasolinera,Cartago
COM01203,Pequeño Mundo - Sucursal 52,Retail,San José
COM00989,Pequeño Mundo - Sucursal 4,Retail,Puntarenas
COM01436,Ekono - Sucursal 33,Retail,Heredia
COM00372,KFC - Sucursal 51,Restaurante,San José
COM00443,Monge - Sucursal 27,Tecnología,San José
COM00547,Shell - Sucursal 1,Gasolinera,Puntarenas
COM00583,Wallmart - Sucursal 11,Supermercado,Puntarenas
COM00759,Shell - Sucursal 30,Gasolinera,Cartago
COM00406,Sucre - Sucursal 56,Farmacia,Cartgago
COM01092,Ekono - Sucursal 7,,Guanacaste
COM01306,Sucre - Sucursal 40,Farmacia,Heredia
COM00963,Extremetech - Sucursal 57,Tecnología,Guanacaste
COM01248,UNO - Sucursal 28,Gasolinera,Cartago
COM00658,Pequeño Mundo - Sucursal 24,Retail,Puntarenas
COM01115,Viajes Colón - Sucursal 12,Viajes,San José
COM00985,Perimercados - Sucursal 28,Supermercado,Cartago
COM01029,Ekono - Sucursal 31,Retail,Puntarenas
COM00654,Shell - Sucursal 8,Gasolinera,Hereda
COM00295,iCon - Sucursal 44,Tecnología,Hereda
COM00945,Automercado - Sucursal 36,Supermercado,Alajuela
COM00233,Shell - Sucursal 8,Gasolinera,Heredia
COM00980,Subway - Sucursal 51,Restaurante, Heredia
COM00612,La Bomba - Sucursal 58,Farmacia,Heredia
COM00101,Burger King - Sucursal 3,Restaurante,Puntarenas
COM00338,Farmacia Fischel - Sucursal 17,Farmacia,San José
COM01471,Mas x Menos - Sucursal 54,Supermercado,Limón
COM00322,Starbucks - Sucursal 10,Restaurante,Puntarenas
COM00431,Despegar - Sucursal 17,Viajes,Guanacaste
COM01011,KFC - Sucursal 16,Restaurante,Limón
COM01070,Delta - Sucursal 33,Gasolinera,Heredia
COM00103,iCon - Sucursal 7,,Cartgago
COM00241,Farmacia Fischel - Sucursal 35,Farmacia,San José
COM00086,Monge - Sucursal 52,Tecnología,Guanacaste
COM00281,Walmart - Sucursal 38,Supermercado,Puntarenas
COM00118,Viajes Colón - Sucursal 44,Viajes,Guanacaste
COM01259,Gollo - Sucursal 45,Tecnología,Heredia
COM00257,Mas x Menos - Sucursal 39,Supermercado,Guanacaste
COM00061,Avianca - Sucursal 24,Viajes,Limón
COM00523,Monge - Sucursal 3,Tecnología,Puntarenas
COM00925,Farmacia Fischel - Sucursal 12,Farmacia,Guanacaste
COM00538,Shell - Sucursal 28,Gasolinera,Puntarenas
COM01394,Shell - Sucursal 54,Gasolinera,Guanacaste
COM00411,Sucre - Sucursal 5,Farmacia,Alajuela
COM00345,Delta - Sucursal 23,Gasolinera,Heredia
COM00781,Aliss - Sucursal 29,Retail,Limón
COM00940,Aliss - Sucursal 35,Retail,Guanacaste
COM00385,La Bomba - Sucursal 27,Farmacia,Cartago
COM00662,iCon - Sucursal 30,Tecnología,Cartago
COM01276,Ekono - Sucursal 4,Retail,Alajuela
COM00495,La Bomba - Sucursal 10,Farmacia,Guanacaste
COM00309,Despegar - Sucursal 6,Viajes,Heredia
COM00932,UNO - Sucursal 1,Gasolinera,Heredia
COM00031,Pizza Hut - Sucursal 21,Restaurante,Cartago
COM01496,Automercado - Sucursal 37,Supermercado,Puntarenas
COM00148,Mas x Menos - Sucursal 9,Supermercado,Cartgago
COM00182,PriceSmart - Sucursal 59,Supermercado,Alajuela
COM01187,iCon - Sucursal 13,Tecnología,Puntarenas
COM00380,KFC - Sucursal 22,Restaurante,Guanacaste
COM00486,PriceSmart - Sucursal 16,Supermercado,Heredia
COM00115,Aliss - Sucursal 24,Retail,Alajuela
COM00073,UNO - Sucursal 12,Gasolinera,San José
COM00350,Farmacia Fischel - Sucursal 29,Farmacia,Heredia
COM00552,Subway - Sucursal 46,Restaurante,San José
COM00859,Pequeño Mundo - Sucursal 4,Retail,San José
COM00391,Shell - Sucursal 55,Gasolinera,Puntarenas
COM00803,iCon - Sucursal 18,Tecnología,Cartago
COM00774,Viajes Colón - Sucursal 19,Viajes,Puntarenas
COM01386,Farmacia Catedral - Sucursal 23,Farmacia,Alajuela
COM00928,Despegar - Sucursal 52,Viajes,Limón
COM00557,Shell - Sucursal 8,Gasolinera,Heredia
COM00685,La Bomba - Sucursal 7,Farmacia,Limón
COM00770,Subway - Sucursal 54,Restaurante,Puntarenas
COM01098,Gollo - Sucursal 40,Tecnología,Limón
COM01215,iCon - Sucursal 38,Tecnología,Alajuela
COM00887,UNO - Sucursal 50,Gasolinera,San José
COM01291,Viajes Colón - Sucursal 29,Viajes,Alajuela
COM00426,Walmart - Sucursal 58,Supermercado,Cartago
COM01309,La Bomba - Sucursal 39,Farmacia,Limón
COM00821,Farmacia Catedral - Sucursal 56,Farmacia,Alajuela
COM00367,Delta - Sucursal 54,Gasolinera,Cartago
COM00613,Starbucks - Sucursal 29,Restaurante,Limón
COM00095,Mas x Menos - Sucursal 25,Supermercado,Puntarenas
COM00201,Pequeño Mundo - Sucursal 49,Retail,Cartago
COM01096,Delta - Sucursal 58,Gasolinera, Alajuela
COM00023,iCon - Sucursal 49,Tecnología,Guanacaste
COM00836,Pizza Hut - Sucursal 3,Restaurante,Heredia
COM00070,Gollo - Sucursal 14,Tecnología,Hereda
COM00104,Delta - Sucursal 7,Gasolinera,Cartago
COM00246,Extremetech - Sucursal 20,Tecnología,Heredia
COM01124,Despegar - Sucursal 54,Viajes,Guanacaste
COM00236,Ekono - Sucursal 14,Retail,Cartago
COM01262,UNO - Sucursal 52,Gasolinera,San José
COM00699,Burger King - Sucursal 15,Restaurante,Cartago
COM00990,Interbus - Sucursal 49,Viajes,Limón
COM00829,Delta - Sucursal 16,Gasolinera,Limón
COM00287,Pizza Hut - Sucursal 5,Restaurante,Puntarenas
COM00799,Interbus - Sucursal 22,Viajes,San José
COM00585,Shell - Sucursal 23,Gasolinera,Alajuela
COM00935,KFC - Sucursal 25,Restaurante,Limón
COM00958,Avianca - Sucursal 59,Viajes,Limón
COM00832,Delta - Sucursal 34,Gasolinera,Cartago
COM01375,Starbucks - Sucursal 22,Restaurante,Cartago
COM00235,Extremetech - Sucursal 57,Tecnología,Limón
COM00788,UNO - Sucursal 12,Gasolinera,Limón
COM01300,McDonald's - Sucursal 56,Restaurante,Cartago
COM00193,Interbus - Sucursal 28,Viajes,San José
COM01100,Monge - Sucursal 38,Tecnología,San José
COM00299,Farmacia Fischel - Sucursal 6,Farmacia,Cartago
COM00384,Extremetech - Sucursal 13,Tecnología,Hereda
COM01355,PriceSmart - Sucursal 2,Supermercado,Alajuela
COM00881,UNO - Sucursal 16,Gasolinera,Guanacaste
COM00450,Burger King - Sucursal 2,Restaurante,Cartago
COM00525,Shell - Sucursal 7,Gasolinera,Hereda
COM00232,Gollo - Sucursal 23,Tecnología,Limón
COM00731,Ekono - Sucursal 22,Retail,Limón
COM00780,UNO - Sucursal 57,Gasolinera,Guanacaste
COM01196,Automercado - Sucursal 36,Supermercado,Limón
COM00637,Perimercados - Sucursal 17,Supermercado,Alajuela
COM00983,Burger King - Sucursal 41,Restaurante,Alajuela
COM01172,Shell - Sucursal 21,Gasolinera,Limón
COM00423,Delta - Sucursal 51,Gasolinera,Puntarenas
COM00635,Sucre - Sucursal 46,Farmacia,Cartago
COM01230,Viajes Colón - Sucursal 21,Viajes,San José
COM01381,Automercado - Sucursal 20,Supermercado,Alajuela
COM00727,Aliss - Sucursal 53,Retail,Heredia
COM01399,Starbucks - Sucursal 44,Restaurante,Guanacaste
COM01088,Interbus - Sucursal 54,Viajes,Alajuela
COM01241,Automercado - Sucursal 32,Supermercado,Guanacaste
COM00445,Ekono - Sucursal 48,Retail,Cartgago
COM01003,KFC - Sucursal 27,,Hereda
COM01097,Gollo - Sucursal 14,Tecnología,Limón
COM01490,Avianca - Sucursal 57,Viajes,Guanacaste
COM01244,Farmacia Catedral - Sucursal 43,Farmacia,Guanacaste
COM01080,iCon - Sucursal 60,Tecnología,Cartago
COM01107,Gollo - Sucursal 44,Tecnología,San José
COM00570,Avianca - Sucursal 1,Viajes,Limón
COM00497,Subway - Sucursal 34,Restaurante,Limón
COM00320,Automercado - Sucursal 15,Supermercado,Heredia
COM00062,Viajes Colón - Sucursal 50,Viajes,Puntarenas
COM00626,Subway - Sucursal 57,Restaurante,San José
COM00868,McDonald's - Sucursal 54,Restaurante,San José
COM00866,Shell - Sucursal 8,Gasolinera,San José
COM01038,Pizza Hut - Sucursal 41,Restaurante,San José
COM00858,iCon - Sucursal 2,Tecnología,Alajuela
COM00466,Avianca - Sucursal 50,Viajes,Limón
COM01028,Sucre - Sucursal 15,Farmacia,San José
COM00663,La Bomba - Sucursal 17,Farmacia,Alajuela
COM00919,Extremetech - Sucursal 33,Tecnología,PUNTARENAS
COM01449,Sucre - Sucursal 42,Farmacia,San José
COM00087,Automercado - Sucursal 25,Supermercado,guanacaste
COM00719,Subway - Sucursal 57,Restaurante,Cartago
COM00580,Pequeño Mundo - Sucursal 47,Retail,Puntarenas
COM00476,Ekono - Sucursal 58,Retail,Limón
COM01339,Gollo - Sucursal 55,Tecnología,Alajuela
COM00639,La Bomba - Sucursal 6,Farmacia,Alajuela
COM00211,Viajes Colón - Sucursal 42,Viajes,Cartago
COM00438,Farmacia Fischel - Sucursal 1,Farmacia,Alajuela
COM01157,Walmart - Sucursal 4,Supermercado,Cartago
COM01423,Avianca - Sucursal 33,Viajes,Puntarenas
COM01013,Farmacia Fischel - Sucursal 49,Farmacia,Alajuela
COM00698,Monge - Sucursal 33,Tecnología,Alajuela
COM01232,Ekono - Sucursal 60,Retail,Puntarenas
COM00865,UNO - Sucursal 37,Gasolinera,Guanacaste
COM01193,Mas x Menos - Sucursal 44,Supermercado,Puntarenas
COM00929,Shell - Sucursal 1,Gasolinera,San José
COM00045,Ekono - Sucursal 16,Retail,Cartago
COM01398,Interbus - Sucursal 23,Viajes,San José
COM00653,Shell - Sucursal 52,Gasolinera,Cartago
COM01390,Viajes Colón - Sucursal 54,Viajes,San José
COM00818,KFC - Sucursal 58,Restaurante,San José
COM01293,Sucre - Sucursal 45,,Heredia
COM00050,Sucre - Sucursal 41,Farmacia,Cartago
COM00773,La Bomba - Sucursal 2,Farmacia,Alajuela
COM00025,Sucre - Sucursal 46,Farmacia,Heredia
COM00623,Sucre - Sucursal 29,Farmacia,Limón
COM00225,Despegar - Sucursal 25,Viajes,Alajuela
COM00374,Sucre - Sucursal 47,Farmacia,Cartgago
COM00440,Interbus - Sucursal 14,Viajes,San José
COM00361,La Bomba - Sucursal 31,Farmacia,Limón
COM00647,Shell - Sucursal 13,Gasolinera,Heredia
COM01486,Shell - Sucursal 15,Gasolinera,Cartago
COM00465,Viajes Colón - Sucursal 60,Viajes,Alajuela
COM00981,Perimercados - Sucursal 30,Supermercado,Puntarenas
COM00846,Shell - Sucursal 39,Gasolinera,San José
COM00318,iCon - Sucursal 1,Tecnología,San José
COM01270,Walmart - Sucursal 16,Supermercado,Limón
COM00419,Automercado - Sucursal 2,Supermercado,Cartago
COM00890,Perimercados - Sucursal 57,Supermercado,Puntarenas
COM00677,Interbus - Sucursal 7,Viajes,Heredia
COM00315,PriceSmart - Sucursal 31,Supermercado,Cartago
COM01343,Starbucks - Sucursal 38,Restaurante,Guanacaste
COM00317,Ekono - Sucursal 52,Retail, Alajuela
COM01204,Farmacia Catedral - Sucursal 41,Farmacia,San José
COM00173,McDonald's - Sucursal 23,Restaurante,Puntarenas
COM01321,La Bomba - Sucursal 31,Farmacia,Heredia
COM01094,Mas x Menos - Sucursal 51,Supermercado,Alajuela
COM01368,Interbus - Sucursal 29,Viajes,Guanacaste
COM00137,Interbus - Sucursal 12,Viajes,Guanacaste
COM00764,Avianca - Sucursal 54,Viajes,Limón
COM00396,Viajes Colón - Sucursal 29,Viajes,Alajuela
COM01369,Ekono - Sucursal 2,Retail,San José
COM00897,Farmacia Fischel - Sucursal 44,Farmacia,San José
COM00147,Gollo - Sucursal 20,Tecnología,Alajuela
COM01211,Sucre - Sucursal 47,Farmacia,Alajuela
COM00863,iCon - Sucursal 46,Tecnología,San José
COM01314,Perimercados - Sucursal 39,Supermercado,LIMON
COM00784,Ekono - Sucursal 59,Retail,Limón
COM01459,Walmart - Sucursal 37,Supermercado,Limón
COM00674,Ekono - Sucursal 26,Retail,Heredia
COM00166,Farmacia Fischel - Sucursal 28,Farmacia,San José
COM00114,PriceSmart - Sucursal 46,Supermercado,Heredia
COM00536,Walmart - Sucursal 37,Supermercado,Limón
COM00140,Farmacia Catedral - Sucursal 9,Farmacia,Guanacaste
COM00122,Despegar - Sucursal 13,Viajes,Puntarenas
COM00777,Burger King - Sucursal 47,Restaurante,Guanacaste
COM00814,Monge - Sucursal 32,Tecnología,Cartgago
COM01467,Shell - Sucursal 8,Gasolinera,hereda
COM00161,Starbucks - Sucursal 15,Restaurante,Guanacaste
COM01461,Monge - Sucursal 3,Tecnología,Puntarenas
COM00481,Ekono - Sucursal 38,Retail,Guanacaste
COM00754,La Bomba - Sucursal 4,Farmacia,Cartago
COM00460,Despegar - Sucursal 14,Viajes,Cartago
COM01393,Avianca - Sucursal 29,Viajes,Guanacaste
COM01255,Ekono - Sucursal 59,Retail,Guanacaste
COM01216,Avianca - Sucursal 35,Viajes,Guanacaste
COM00097,Ekono - Sucursal 39,Retail,CARTAGO
COM00167,Walmart - Sucursal 57,Supermercado,Limón
COM01378,Pizza Hut - Sucursal 59,Restaurante,Cartago
COM00252,KFC - Sucursal 20,Restaurante,San José
COM00532,Pequeño Mundo - Sucursal 14,Retail,San José
COM00202,Burger King - Sucursal 29,Restaurante,Heredia
COM00089,Interbus - Sucursal 52,Viajes,Guanacaste
COM01159,Viajes Colón - Sucursal 55,Viajes,Guanacaste
COM00390,Gollo - Sucursal 43,Tecnología,Guanacaste
COM00451,Farmacia Fischel - Sucursal 31,Farmacia,Alajuela
COM00564,Mas x Menos - Sucursal 40,Supermercado,Puntarenas
COM00815,UNO - Sucursal 22,Gasolinera,San José
COM00220,UNO - Sucursal 35,Gasolinera,Cartago
COM00282,Farmacia Fischel - Sucursal 5,Farmacia,Limón
COM00293,Viajes Colón - Sucursal 11,Viajes,Alajuela
COM01420,Avianca - Sucursal 21,Viajes,Cartago
COM00732,Ekono - Sucursal 37,Retail,Puntarenas
COM00127,Pizza Hut - Sucursal 6,Restaurante,Alajuela
COM00261,Viajes Colón - Sucursal 16,Viajes,Limón
COM00297,Walmart - Sucursal 41,Supermercado,Puntarenas
COM00179,Monge - Sucursal 45,Tecnología,Limón
COM00403,Perimercados - Sucursal 47,Supermercado,Heredia
COM00422,Extremetech - Sucursal 40,Tecnología,Guanacaste
COM00905,Walmart - Sucursal 36,Supermercado,Heredia
COM00838,UNO - Sucursal 54,Gasolinera,Puntarenas
COM00271,UNO - Sucursal 46,Gasolinera,Alajuela
COM00382,Shell - Sucursal 2,Gasolinera,San José
COM01282,Automercado - Sucursal 30,Supermercado,Limón
COM00337,Sucre - Sucursal 7,Farmacia,ALAJUELA
COM00575,KFC - Sucursal 29,Restaurante,Guanacaste
COM00112,Despegar - Sucursal 46,Viajes,Heredia
COM00011,Perimercados - Sucursal 48,Supermercado,Cartago
COM00072,Shell - Sucursal 60,Gasolinera,Alajuela
COM00722,UNO - Sucursal 4,Gasolinera,San José
COM00762,Walmart - Sucursal 17,Supermercado,San José
COM01166,Burger King - Sucursal 46,Restaurante,Alajuela
COM00154,Aliss - Sucursal 56,Retail,LIMON
COM00965,Pequeño Mundo - Sucursal 46,Retail,Alajuela
COM01054,Aliss - Sucursal 43,Retail,Alajuela
COM01210,Perimercados - Sucursal 18,Supermercado,Puntarenas
COM00956,Mas x Menos - Sucursal 19,Supermercado,Heredia
COM00679,Macdonalds - Sucursal 40,Restaurante,San José
COM00219,Sucre - Sucursal 23,Farmacia, San José
COM00417,Ekono - Sucursal 40,Retail,Limón
COM00388,Sucre - Sucursal 33,Farmacia,Heredia
COM01173,UNO - Sucursal 37,Gasolinera,Cartago
COM00882,PriceSmart - Sucursal 59,Supermercado,Cartago
COM00511,UNO - Sucursal 2,Gasolinera,Alajuela
COM00413,La Bomba - Sucursal 4,Farmacia,Alajuela
COM00982,La Bomba - Sucursal 44,Farmacia,Limón
COM00782,Viajes Colón - Sucursal 48,Viajes,Puntarenas
COM00609,Aliss - Sucursal 44,Retail,Alajuela
COM00875,Walmart - Sucursal 8,Supermercado,Guanacaste
COM01049,La Bomba - Sucursal 36,Farmacia,Guanacaste
COM00527,UNO - Sucursal 5,Gasolinera,Heredia
COM01468,Aliss - Sucursal 34,Retail,Alajuela
COM01272,Delta - Sucursal 7,Gasolinera,San José
COM00975,Gollo - Sucursal 20,Tecnología,Puntarenas
COM00484,Burger King - Sucursal 10,Restaurante,Guanacaste
COM00614,Shell - Sucursal 18,Gasolinera,Limón
COM01469,KFC - Sucursal 20,Restaurante,Limón
COM01147,Starbucks - Sucursal 34,Restaurante,Alajuela
COM00539,Viajes Colón - Sucursal 30,Viajes,Guanacaste
COM01075,Aliss - Sucursal 21,Retail,Cartago
COM01463,Aliss - Sucursal 9,Retail,Limón
COM01434,Farmacia Catedral - Sucursal 57,Farmacia,San José
COM00864,Shell - Sucursal 17,Gasolinera,San José
COM00057,iCon - Sucursal 23,Tecnología,Heredia
COM00230,Subway - Sucursal 44,Restaurante,ALAJUELA
COM01340,Ekono - Sucursal 44,Retail,San José
COM00117,Pizza Hut - Sucursal 8,Restaurante,Heredia
COM01103,Pizza Hut - Sucursal 1,Restaurante,San José
COM01192,PriceSmart - Sucursal 32,Supermercado,Alajuela
COM01186,Walmart - Sucursal 13,Supermercado,Hereda
COM01105,Shell - Sucursal 35,,Cartago
COM00690,UNO - Sucursal 48,Gasolinera,Cartago
COM00948,KFC - Sucursal 27,Restaurante,Alajuela
COM00671,Pizza Hut - Sucursal 51,Restaurante,Heredia
COM01338,Walmart - Sucursal 1,Supermercado,Heredia
COM00917,Viajes Colón - Sucursal 34,Viajes,Guanacaste
COM01317,Farmacia Fischel - Sucursal 16,Farmacia,Alajuela
COM00209,UNO - Sucursal 46,Gasolinera,Limón
COM00210,UNO - Sucursal 4,Gasolinera,Heredia
COM01000,Perimercados - Sucursal 16,Supermercado,Guanacaste
COM00571,La Bomba - Sucursal 39,Farmacia,Cartago
COM00648,Delta - Sucursal 59,Gasolinera,San José
COM00553,Extremetech - Sucursal 14,Tecnología,Alajuela
COM00798,Mas x Menos - Sucursal 8,Supermercado,Puntarenas
COM00172,PriceSmart - Sucursal 28,Supermercado,Puntarenas
COM00307,Farmacia Catedral - Sucursal 60,Farmacia,Guanacaste
COM00479,Monge - Sucursal 51,Tecnología,Cartago
COM00453,Delta - Sucursal 20,Gasolinera,Guanacaste
COM00828,Interbus - Sucursal 22,Viajes,Cartago
COM01319,Subway - Sucursal 37,Restaurante,Limón
COM00740,Gollo - Sucursal 50,Tecnología,Heredia
COM00937,La Bomba - Sucursal 47,Farmacia,Cartago
COM00123,Subway - Sucursal 30,Restaurante,Cartago
COM00178,Monge - Sucursal 48,Tecnología,Guanacaste
COM01353,Mas x Menos - Sucursal 48,Supermercado,Hereda
COM01431,Delta - Sucursal 23,Gasolinera,Limón
COM01086,Delta - Sucursal 47,Gasolinera,Cartago
COM00264,iCon - Sucursal 8,Tecnología,Heredia
COM00485,Viajes Colón - Sucursal 46,Viajes,Limón
COM00973,Shell - Sucursal 13,Gasolinera,San José
COM01422,Farmacia Fischel - Sucursal 7,Farmacia,Puntarenas
COM01137,Farmacia Fischel - Sucursal 42,Farmacia,Cartgago
COM01208,Despegar - Sucursal 26,Viajes,Alajuela
COM01258,UNO - Sucursal 4,Gasolinera,Heredia
COM00608,Viajes Colón - Sucursal 1,Viajes,San José
COM00328,Avianca - Sucursal 56,Viajes,Cartago
COM00133,Delta - Sucursal 35,Gasolinera,Alajuela
COM01130,Starbucks - Sucursal 42,Restaurante,Limón
COM00921,Despegar - Sucursal 42,Viajes,Limón
COM00174,UNO - Sucursal 43,Gasolinera,Limón
COM00546,Interbus - Sucursal 28,Viajes,Puntarenas
COM00428,Viajes Colón - Sucursal 1,Viajes,Heredia
COM00327,PriceSmart - Sucursal 34,Supermercado,Guanacaste
COM01076,Farmacia Catedral - Sucursal 40,Farmacia,Puntarenas
COM00843,Aliss - Sucursal 23,Retail,Limón
COM00988,iCon - Sucursal 28,Tecnología,San José
COM01095,Ekono - Sucursal 30,Retail,San José
COM01441,UNO - Sucursal 10,Gasolinera,Alajuela
COM00365,Shell - Sucursal 23,Gasolinera,Puntarenas
COM00984,Pequeño Mundo - Sucursal 8,Retail,Limón
COM00470,Despegar - Sucursal 35,Viajes,Guanacaste
COM01212,Walmart - Sucursal 6,Supermercado,Puntarenas
COM00400,Pequeño Mundo - Sucursal 27,Retail,Cartgago
COM01479,Avianca - Sucursal 21,Viajes,Cartago
COM00074,Viajes Colón - Sucursal 57,Viajes,Puntarenas
COM01448,Walmart - Sucursal 48,Supermercado,Limón
COM00355,Gollo - Sucursal 2,Tecnología,Guanacaste
COM01053,Pizza Hut - Sucursal 6,Restaurante,Limón
COM00351,Walmart - Sucursal 41,Supermercado,San José
COM00997,Pequeño Mundo - Sucursal 24,Retail,Hereda
COM00433,UNO - Sucursal 55,Gasolinera,San José
COM01072,iCon - Sucursal 34,Tecnología,Puntarenas
COM01371,iCon - Sucursal 8,Tecnología,cartago
COM00750,Monge - Sucursal 29,Tecnología,Limón
COM00424,McDonald's - Sucursal 34,Restaurante,san josé
COM01181,Gollo - Sucursal 29,Tecnología,Puntarenas
COM01289,Mas x Menos - Sucursal 55,Supermercado,Limón
COM01068,Farmacia Fischel - Sucursal 36,Farmacia,Alajuela
COM01055,Delta - Sucursal 10,Gasolinera,Guanacaste
COM00491,KFC - Sucursal 27,Restaurante,San José
COM00806,Farmacia Fischel - Sucursal 23,Farmacia,Heredia
COM00703,Viajes Colón - Sucursal 5,Viajes,San José
COM00576,Delta - Sucursal 19,Gasolinera,San José
COM00942,Avianca - Sucursal 26,Viajes,Alajuela
COM01365,Extremetech - Sucursal 39,Tecnología,Limón
COM00280,Ekono - Sucursal 15,Retail,San José
COM01435,KFC - Sucursal 20,,Limón
COM00416,Starbucks - Sucursal 45,Restaurante,Limón
COM01064,Delta - Sucursal 15,Gasolinera,Heredia
COM00096,Despegar - Sucursal 26,Viajes,Limón
COM00992,La Bomba - Sucursal 56,Farmacia,Heredia
COM01418,Perimercados - Sucursal 13,Supermercado,Cartago
COM01363,Interbus - Sucursal 27,Viajes,Limón
COM00537,Shell - Sucursal 5,Gasolinera,Heredia
COM01099,iCon - Sucursal 36,Tecnología,Puntarenas
COM00170,Aliss - Sucursal 53,Retail,Alajuela
COM00809,Avianca - Sucursal 12,Viajes,Alajuela
COM01494,Avianca - Sucursal 46,Viajes,Hereda
COM00113,Shell - Sucursal 44,Gasolinera,Heredia
COM00053,Subway - Sucursal 23,Restaurante,Cartgago
COM00410,Extremetech - Sucursal 18,Tecnología,Heredia
COM01352,Farmacia Catedral - Sucursal 10,Farmacia,CARTAGO
COM01419,Mas x Menos - Sucursal 38,Supermercado,Guanacaste
COM00065,Despegar - Sucursal 44,Viajes,Cartago
COM00756,Automercado - Sucursal 50,Supermercado,Cartago
COM00787,Automercado - Sucursal 59,Supermercado,Guanacaste
COM01430,Aliss - Sucursal 16,Retail,Puntarenas
COM00600,UNO - Sucursal 14,Gasolinera,Heredia
COM00344,Shell - Sucursal 32,Gasolinera,Heredia
COM00240,Interbus - Sucursal 51,Viajes,Puntarenas
COM01148,Ekono - Sucursal 11,Retail,Alajuela
COM01410,Aliss - Sucursal 58,Retail,Puntarenas
COM00902,Interbus - Sucursal 51,Viajes,Limón
COM01229,McDonald's - Sucursal 39,Restaurante,San José
COM00076,Walmart - Sucursal 54,Supermercado,Cartago
COM00943,Aliss - Sucursal 54,Retail,Alajuela
COM01199,Automercado - Sucursal 40,Supermercado,Guanacaste
COM00504,Monge - Sucursal 28,Tecnología,Cartago
COM00090,Delta - Sucursal 30,Gasolinera,San José
COM00269,Gollo - Sucursal 53,Tecnología,Alajuela
COM01341,Extremetech - Sucursal 4,Tecnología,Heredia
COM00672,Subway - Sucursal 24,Restaurante,Cartago
COM00442,Pequeño Mundo - Sucursal 50,Retail,Guanacaste
COM00542,Subway - Sucursal 33,Restaurante,Alajuela
COM00056,Interbus - Sucursal 11,Viajes,Alajuela
COM01433,Pequeño Mundo - Sucursal 26,Retail,Guanacaste
COM00954,Delta - Sucursal 7,Gasolinera,Guanacaste
COM00657,Delta - Sucursal 53,Gasolinera,Limón
COM00912,Mas x Menos - Sucursal 10,Supermercado,Guanacaste
COM01350,PriceSmart - Sucursal 59,Supermercado,Hereda
COM01348,Starbucks - Sucursal 35,Restaurante,San José
COM01389,Perimercados - Sucursal 39,Supermercado,Puntarenas
COM00728,Farmacia Catedral - Sucursal 9,Farmacia,San José
COM00779,Delta - Sucursal 41,Gasolinera,Alajuela
COM00889,Ekono - Sucursal 8,Retail,Puntarenas
COM00869,Ekono - Sucursal 38,,Guanacaste
COM01012,Despegar - Sucursal 24,Viajes,Cartago
COM00800,Pequeño Mundo - Sucursal 28,Retail,San José
COM00749,Pizza Hut - Sucursal 36,Restaurante,San José
COM00825,Burger King - Sucursal 17,Restaurante,San José
COM01429,Interbus - Sucursal 12,Viajes,Cartago
COM01460,UNO - Sucursal 4,Gasolinera,Heredia
COM00689,Automercado - Sucursal 46,Supermercado,Puntarenas
COM00336,Viajes Colón - Sucursal 16,Viajes,Guanacaste
COM00234,Walmart - Sucursal 38,Supermercado,San José
COM00939,La Bomba - Sucursal 12,Farmacia,Guanacaste
COM00758,Interbus - Sucursal 16,Viajes, Guanacaste
COM00851,Mas x Menos - Sucursal 45,Supermercado,Cartago
COM00709,UNO - Sucursal 41,Gasolinera,Heredia
COM01121,Viajes Colón - Sucursal 49,Viajes,Alajuela
COM00152,Farmacia Catedral - Sucursal 20,Farmacia,Guanacaste
COM00820,Extremetech - Sucursal 30,Tecnología,Limón
COM01079,Despegar - Sucursal 56,Viajes,San José
COM01237,iCon - Sucursal 5,Tecnología,Alajuela
COM00712,Avianca - Sucursal 39,Viajes,Limón
COM00752,Despegar - Sucursal 6,Viajes,Puntarenas
COM01372,McDonald's - Sucursal 2,Restaurante,Puntarenas
COM01316,KFC - Sucursal 57,Restaurante,San José
COM01337,Pequeño Mundo - Sucursal 56,Retail,Guanacaste
COM00824,Perimercados - Sucursal 34,Supermercado,GUANACASTE
COM00430,Burger King - Sucursal 60,Restaurante,Puntarenas
COM01257,La Bomba - Sucursal 59,Farmacia,Guanacaste
COM01354,UNO - Sucursal 36,Gasolinera,Cartago
COM00363,Delta - Sucursal 16,Gasolinera,Alajuela
COM00607,Automercado - Sucursal 9,Supermercado,Limón
COM00726,Delta - Sucursal 21,Gasolinera,Puntarenas
COM01278,La Bomba - Sucursal 27,Farmacia,Cartgago
COM01495,Viajes Colón - Sucursal 60,Viajes,Alajuela
COM00873,Pizza Hut - Sucursal 14,Restaurante,Limón
COM00354,La Bomba - Sucursal 52,Farmacia,Guanacaste
COM00001,Aliss - Sucursal 46,Retail,Limón
COM01209,Starbucks - Sucursal 41,Restaurante,Heredia
COM00192,Despegar - Sucursal 1,Viajes,Limón
COM00026,Interbus - Sucursal 30,Viajes,Puntarenas
COM01266,Shell - Sucursal 11,Gasolinera,San José
COM01020,Farmacia Catedral - Sucursal 33,Farmacia,Puntarenas
COM00276,Mas x Menos - Sucursal 12,Supermercado,Heredia
COM01322,Shell - Sucursal 30,Gasolinera,Cartago
COM00099,UNO - Sucursal 33,Gasolinera,Guanacaste
COM00934,Aliss - Sucursal 41,Retail,Guanacaste
COM01161,Perimercados - Sucursal 6,Supermercado,Cartago
COM00852,Shell - Sucursal 28,Gasolinera,Guanacaste
COM01153,Aliss - Sucursal 17,Retail,Limón
COM00378,Monge - Sucursal 47,Tecnología,Alajuela
COM01010,Pequeño Mundo - Sucursal 22,Retail,Cartgago
COM01189,Shell - Sucursal 1,Gasolinera,Guanacaste
COM00493,Extremetech - Sucursal 2,Tecnología,Guanacaste
COM01240,Avianca - Sucursal 6,Viajes,Heredia
COM01129,Starbucks - Sucursal 32,Restaurante,Heredia
COM00130,Despegar - Sucursal 3,Viajes,Guanacaste
COM00341,Mas x Menos - Sucursal 38,Supermercado,Guanacaste
COM00743,La Bomba - Sucursal 20,Farmacia,Alajuela
COM01140,Automercado - Sucursal 9,Supermercado,Alajuela
COM00171,Avianca - Sucursal 7,Viajes,Heredia
COM01287,Viajes Colón - Sucursal 48,Viajes,Heredia
COM00199,Monge - Sucursal 25,Tecnología,Heredia
COM01234,Pequeño Mundo - Sucursal 35,Retail,Alajuela
COM00375,Burger King - Sucursal 7,Restaurante,Alajuela
COM01224,La Bomba - Sucursal 12,Farmacia,San José
COM01478,Shell - Sucursal 23,Gasolinera,Alajuela
COM00169,Viajes Colón - Sucursal 10,Viajes,Guanacaste
COM00155,Aliss - Sucursal 33,Retail,Puntarenas
COM01127,Delta - Sucursal 24,Gasolinera,San José
COM00333,La Bomba - Sucursal 44,Farmacia,Cartago
COM00701,Sucre - Sucursal 20,Farmacia,Alajuela
COM00987,Monge - Sucursal 22,Tecnología,Heredia
COM00579,La Bomba - Sucursal 32,Farmacia,Cartago
COM01362,Sucre - Sucursal 24,Farmacia,Alajuela
COM00769,Ekono - Sucursal 4,Retail,Alajuela
COM01439,Delta - Sucursal 4,Gasolinera,Alajuela
COM01438,Viajes Colón - Sucursal 36,Viajes,Alajuela
COM00598,Aliss - Sucursal 32,Retail,Limón
COM00273,Extremetech - Sucursal 33,Tecnología,Limón
COM01077,Interbus - Sucursal 3,Viajes,Limón
COM00439,Burger King - Sucursal 14,Restaurante,Limón
COM00218,Aliss - Sucursal 15,Retail,Alajuela
COM00134,Starbucks - Sucursal 51,Restaurante,Guanacaste
COM00020,La Bomba - Sucursal 26,Farmacia,Puntarenas
COM00763,Farmacia Catedral - Sucursal 38,Farmacia,Alajuela
COM00711,Aliss - Sucursal 4,Retail,Alajuela
COM00135,Farmacia Fischel - Sucursal 26,Farmacia,Alajuela
COM00595,Avianca - Sucursal 2,Viajes,Puntarenas
COM01145,Burger King - Sucursal 8,Restaurante,Alajuela
COM00622,Avianca - Sucursal 51,Viajes,Heredia
COM01059,Avianca - Sucursal 42,Viajes,Alajuela
COM00734,Gollo - Sucursal 14,Tecnología,Guanacaste
COM01142,Delta - Sucursal 21,Gasolinera,Heredia
COM01336,Delta - Sucursal 23,Gasolinera,San José
COM01235,Aliss - Sucursal 25,Retail,Limón
COM00706,Shell - Sucursal 46,Gasolinera,San José
COM00298,Farmacia Catedral - Sucursal 28,Farmacia,San José
COM00013,Starbucks - Sucursal 18,Restaurante,Alajuela
COM00643,Avianca - Sucursal 43,Viajes,Heredia
COM00833,Farmacia Fischel - Sucursal 41,Farmacia,Limón
COM00265,Despegar - Sucursal 12,Viajes,Guanacaste
COM00946,Pequeño Mundo - Sucursal 49,Retail,San José
COM00513,Sucre - Sucursal 28,Farmacia,Puntarenas
COM01437,Ekono - Sucursal 37,Retail,Guanacaste
COM01005,Extremetech - Sucursal 18,Tecnología,Heredia
COM01454,Delta - Sucursal 17,Gasolinera,Puntarenas
COM01177,La Bomba - Sucursal 54,Farmacia,Heredia
COM01015,Farmacia Fischel - Sucursal 9,Farmacia,San José
COM01120,UNO - Sucursal 44,Gasolinera,Guanacaste
COM00022,PriceSmart - Sucursal 44,Supermercado,Puntarenas
COM00512,Shell - Sucursal 55,Gasolinera,Guanacaste
COM00518,Ekono - Sucursal 59,Retail,Cartgago
COM00535,Extremetech - Sucursal 44,Tecnología,Puntarenas
COM00772,Despegar - Sucursal 55,Viajes,HEREDIA
COM00379,Delta - Sucursal 18,Gasolinera,Heredia
COM01358,Monge - Sucursal 18,Tecnología,Heredia
COM00427,Monge - Sucursal 45,Tecnología,San José
COM00979,Farmacia Catedral - Sucursal 3,Farmacia,Alajuela
COM01246,Monge - Sucursal 32,Tecnología,San José
COM00659,Perimercados - Sucursal 6,Supermercado,Puntarenas
COM01118,Shell - Sucursal 43,Gasolinera,Alajuela
COM00024,Farmacia Fischel - Sucursal 49,Farmacia,Alajuela
COM00710,Gollo - Sucursal 26,Tecnología,cartago
COM01380,La Bomba - Sucursal 50,Farmacia,Guanacaste
COM01327,Monge - Sucursal 43,,Guanacaste
COM00120,Walmart - Sucursal 12,Supermercado,Alajuela
COM00176,Viajes Colón - Sucursal 53,Viajes,Hereda
COM00216,Gollo - Sucursal 48,Tecnología,Heredia
COM00407,Automercado - Sucursal 38,Supermercado,Heredia
COM00969,Delta - Sucursal 54,Gasolinera,Limón
COM01125,Mas x Menos - Sucursal 51,Supermercado,Cartago
COM00223,PriceSmart - Sucursal 7,Supermercado,Alajuela
COM00348,Subway - Sucursal 23,Restaurante,Puntarenas
COM00039,Automercado - Sucursal 47,Supermercado,San José
COM00560,Aliss - Sucursal 43,Retail,Cartago
COM00331,Gollo - Sucursal 7,Tecnología,Alajuela
COM00971,Interbus - Sucursal 43,Viajes,Cartago
COM01223,Farmacia Fischel - Sucursal 31,,Heredia
COM00156,PriceSmart - Sucursal 22,Supermercado,Puntarenas
COM00311,Ekono - Sucursal 30,Retail,Alajuela
COM01170,Farmacia Catedral - Sucursal 8,Farmacia,Heredia
COM01313,Automercado - Sucursal 32,Supermercado,Puntarenas
COM01407,Shell - Sucursal 51,Gasolinera,Cartago
COM01158,KFC - Sucursal 40,Restaurante,Heredia
COM00444,Subway - Sucursal 9,Restaurante,Guanacaste
COM01303,Farmacia Fischel - Sucursal 58,Farmacia,San José
COM00783,Viajes Colón - Sucursal 43,Viajes,San José
COM01421,Farmacia Fischel - Sucursal 34,Farmacia,Limón
COM00543,PriceSmart - Sucursal 21,Supermercado, Guanacaste
COM01286,iCon - Sucursal 40,Tecnología,Alajuela
COM00270,Mas x Menos - Sucursal 42,Supermercado,Guanacaste
COM00771,Burger King - Sucursal 51,Restaurante,puntarenas
COM00664,Avianca - Sucursal 25,Viajes,Limón
COM00515,Walmart - Sucursal 54,Supermercado,Puntarenas
COM00620,Monge - Sucursal 43,Tecnología,Cartago
COM00561,Delta - Sucursal 10,Gasolinera,San José
COM00549,Pequeño Mundo - Sucursal 28,Retail,Guanacaste
COM01308,Walmart - Sucursal 22,Supermercado,Puntarenas
COM01456,Ekono - Sucursal 38,Retail,Guanacaste
COM01453,Delta - Sucursal 13,Gasolinera,Guanacaste
COM00003,Viajes Colón - Sucursal 49,Viajes,Heredia
COM00596,Gollo - Sucursal 14,Tecnología,Puntarenas
COM01452,Extremetech - Sucursal 17,Tecnología,Guanacaste
COM00953,Aliss - Sucursal 9,Retail,Heredia
COM01493,Viajes Colón - Sucursal 1,Viajes,San José
COM00284,Automercado - Sucursal 54,Supermercado,Cartago
COM00730,Mas x Menos - Sucursal 53,Supermercado,Cartago
COM00741,Automercado - Sucursal 55,Supermercado,Alajuela
COM00383,Walmart - Sucursal 50,Supermercado,Limón
COM01117,Ekono - Sucursal 26,Retail,Heredia
COM00033,Pequeño Mundo - Sucursal 33,Retail,Cartago
COM01487,Ekono - Sucursal 2,Retail,Guanacaste
COM00630,KFC - Sucursal 17,Restaurante,San José
COM00739,Delta - Sucursal 53,Gasolinera,San José
COM00775,UNO - Sucursal 25,Gasolinera,Alajuela
COM01043,Farmacia Fischel - Sucursal 42,Farmacia,Limón
COM00069,KFC - Sucursal 54,Restaurante,Cartago
COM00922,Burger King - Sucursal 36,Restaurante,Cartago
COM00914,Avianca - Sucursal 46,Viajes,Puntarenas
COM00467,Farmacia Fischel - Sucursal 45,Farmacia,San José
COM00683,Mas x Menos - Sucursal 7,Supermercado,Puntarenas
COM00048,UNO - Sucursal 21,Gasolinera,Limón
COM00998,Pizza Hut - Sucursal 9,Restaurante,Limón
COM01138,UNO - Sucursal 33,Gasolinera,Limón
COM00420,Extremetech - Sucursal 13,Tecnología,Guanacaste
COM00256,Monge - Sucursal 35,Tecnología,Puntarenas
COM00944,Despegar - Sucursal 10,Viajes,Cartago
COM00248,Aliss - Sucursal 41,Retail,Heredia
COM00085,Automercado - Sucursal 11,Supermercado,Alajuela
COM00323,Pequeño Mundo - Sucursal 11,Retail,Cartago
COM00745,Mas x Menos - Sucursal 32,Supermercado,San José
COM01382,Sucre - Sucursal 59,Farmacia,Puntarenas
COM01426,La Bomba - Sucursal 1,Farmacia,Limón
COM00353,Starbucks - Sucursal 44,Restaurante,Puntarenas
COM00238,Delta - Sucursal 3,Gasolinera,Heredia
COM00811,UNO - Sucursal 22,Gasolinera,Heredia
COM00373,Automercado - Sucursal 59,Supermercado,heredia
COM01151,Avianca - Sucursal 27,Viajes,Guanacaste
COM00786,Farmacia Fischel - Sucursal 37,Farmacia,Puntarenas
COM01069,Mas x Menos - Sucursal 12,Supermercado,Limón
COM01171,Sucre - Sucursal 48,Farmacia,Limón
COM00447,Ekono - Sucursal 57,Retail,Cartago
COM00950,La Bomba - Sucursal 22,Farmacia,Limón
COM01428,Avianca - Sucursal 51,Viajes,Heredia
COM01008,Despegar - Sucursal 43,Viajes,San José
COM00381,Interbus - Sucursal 37,Viajes,Guanacaste
COM00274,Delta - Sucursal 46,Gasolinera,San José
COM01174,Subway - Sucursal 26,Restaurante,Cartago
COM01023,Pequeño Mundo - Sucursal 7,Retail,San José
COM00606,Gollo - Sucursal 52,Tecnología,Cartago
COM01269,Shell - Sucursal 16,Gasolinera,Heredia
COM01333,Farmacia Fischel - Sucursal 43,Farmacia, Cartago
COM00801,Sucre - Sucursal 31,Farmacia,Guanacaste
COM00084,Pizza Hut - Sucursal 46,Restaurante,Cartago
COM01057,Walmart - Sucursal 11,Supermercado,Alajuela
COM01404,PriceSmart - Sucursal 54,Supermercado,Heredia
COM01364,KFC - Sucursal 16,Restaurante,Cartago
COM01136,Pizza Hut - Sucursal 8,Restaurante,Cartgago
COM00615,UNO - Sucursal 18,Gasolinera,Puntarenas
COM00856,Ekono - Sucursal 13,Retail,Guanacaste
COM01485,Avianca - Sucursal 43,Viajes,Puntarenas
COM01252,Extremetech - Sucursal 30,Tecnología,Cartago
COM00206,Farmacia Catedral - Sucursal 12,Farmacia,Cartago
COM00611,La Bomba - Sucursal 23,Farmacia,San José
COM01091,Avianca - Sucursal 21,Viajes,Alajuela
COM00340,Interbus - Sucursal 28,,Alajuela
COM00164,Starbucks - Sucursal 17,Restaurante,Heredia
COM01329,UNO - Sucursal 50,Gasolinera,Puntarenas
COM00014,Automercado - Sucursal 33,Supermercado,Alajuela
COM00531,Farmacia Fischel - Sucursal 33,Farmacia,limón
COM01052,Subway - Sucursal 23,Restaurante,Limón
COM01370,Farmacia Catedral - Sucursal 11,Farmacia,Limón
COM01243,KFC - Sucursal 22,Restaurante,San José
COM00162,iCon - Sucursal 34,Tecnología,San José
COM00642,Mas x Menos - Sucursal 31,Supermercado,Heredia
COM00529,UNO - Sucursal 24,Gasolinera,Guanacaste
COM01374,Sucre - Sucursal 18,Farmacia,Guanacaste
COM00316,Mas x Menos - Sucursal 4,Supermercado,Limón
COM00389,Shell - Sucursal 41,Gasolinera,Alajuela
COM01377,Delta - Sucursal 22,Gasolinera,Limón
COM01146,Farmacia Fischel - Sucursal 47,Farmacia,Cartago
COM00616,Starbucks - Sucursal 8,Restaurante,San José
COM00044,Monge - Sucursal 56,Tecnología,Guanacaste
COM01218,Avianca - Sucursal 57,Viajes,Limón
COM00675,Mas x Menos - Sucursal 35,Supermercado,San José
COM01178,KFC - Sucursal 54,Restaurante,Puntarenas
COM00418,La Bomba - Sucursal 30,Farmacia,Limón
COM00121,Interbus - Sucursal 42,Viajes,San José
COM01413,Ekono - Sucursal 5,Retail,Alajuela
COM00645,iCon - Sucursal 30,Tecnología,Alajuela
COM00668,PriceSmart - Sucursal 8,Supermercado,Heredia
COM00733,Pequeño Mundo - Sucursal 24,Retail,Heredia
COM00477,Farmacia Catedral - Sucursal 60,Farmacia,LIMON
COM00908,Farmacia Fischel - Sucursal 39,Farmacia,Limón
COM00347,Farmacia Catedral - Sucursal 9,Farmacia,LIMON
COM00976,Delta - Sucursal 10,Gasolinera,Guanacaste
COM00290,iCon - Sucursal 48,Tecnología,Guanacaste
COM01026,Pizza Hut - Sucursal 26,Restaurante,Alajuela
COM00790,Wallmart - Sucursal 43,Supermercado,San José
COM00776,Starbucks - Sucursal 13,Restaurante,Alajuela
COM01114,Interbus - Sucursal 17,Viajes,Limón
COM00387,iCon - Sucursal 22,Tecnología,San José
COM01202,Mas x Menos - Sucursal 47,Supermercado,Alajuela
COM00823,Perimercados - Sucursal 37,Supermercado,Alajuela
COM00725,Monge - Sucursal 51,Tecnología,Puntarenas
COM00229,KFC - Sucursal 41,Restaurante,San José
COM00845,UNO - Sucursal 48,Gasolinera,Heredia
COM01221,Shell - Sucursal 27,Gasolinera,Cartago
COM00009,La Bomba - Sucursal 7,Farmacia,San José
COM00139,Farmacia Catedral - Sucursal 13,,San José
COM01180,iCon - Sucursal 54,Tecnología,Guanacaste
COM00797,Subway - Sucursal 42,Restaurante,Limón
COM00310,Gollo - Sucursal 50,Tecnología,Cartago
COM01296,UNO - Sucursal 42,Gasolinera,Cartago
COM00008,Pequeño Mundo - Sucursal 8,Retail,Puntarenas
COM01367,Automercado - Sucursal 1,Supermercado,Heredia
COM00999,Delta - Sucursal 18,Gasolinera,Heredia
COM01184,Shell - Sucursal 15,Gasolinera,Cartago
COM01111,Aliss - Sucursal 58,Retail,Heredia
COM00496,Pequeño Mundo - Sucursal 60,Retail,limón
COM00239,Pizza Hut - Sucursal 7,Restaurante,Heredia
COM00376,Viajes Colón - Sucursal 35,Viajes,Cartago
COM01409,UNO - Sucursal 10,Gasolinera,Puntarenas
COM00676,Mas x Menos - Sucursal 57,Supermercado,San José
COM01480,Aliss - Sucursal 10,Retail,Guanacaste
COM01417,Interbus - Sucursal 59,Viajes,Guanacaste
COM00977,Interbus - Sucursal 37,Viajes,Guanacaste
COM01466,Viajes Colón - Sucursal 30,Viajes,Heredia
COM00822,Monge - Sucursal 6,Tecnología,SAN JOSE
COM00434,Aliss - Sucursal 34,Retail,Alajuela
COM00602,PriceSmart - Sucursal 27,Supermercado,Guanacaste
COM01219,Ekono - Sucursal 46,Retail,Limón
COM00285,Avianca - Sucursal 18,Viajes, Heredia
COM00651,Monge - Sucursal 4,Tecnología,Alajuela
COM00849,Pizza Hut - Sucursal 20,Restaurante,Limón
COM01279,Gollo - Sucursal 23,Tecnología,Alajuela
COM01027,Pizza Hut - Sucursal 48,Restaurante,Cartago
COM00483,Pequeño Mundo - Sucursal 1,Retail,Puntarenas
COM00196,Viajes Colón - Sucursal 21,Viajes,Alajuela
COM00017,Interbus - Sucursal 51,Viajes, Puntarenas
COM01328,Perimercados - Sucursal 8,Supermercado,Limón
COM00876,Ekono - Sucursal 44,Retail,Guanacaste
COM00794,Farmacia Fischel - Sucursal 26,Farmacia,Puntarenas
COM01403,Farmacia Catedral - Sucursal 26,Farmacia,Limón
COM00957,Perimercados - Sucursal 36,Supermercado,San José
COM00377,Monge - Sucursal 33,Tecnología,San José
COM00217,Walmart - Sucursal 34,Supermercado,Limón
COM01116,Pequeño Mundo - Sucursal 31,Retail,Guanacaste
COM00592,Delta - Sucursal 22,Gasolinera,Cartago
COM01373,KFC - Sucursal 11,Restaurante,Cartago
COM01133,Sucre - Sucursal 29,Farmacia,Alajuela
COM00267,Avianca - Sucursal 53,Viajes,Cartago
COM00145,Sucre - Sucursal 8,Farmacia,Cartago
COM00296,UNO - Sucursal 34,Gasolinera,Puntarenas
COM00088,Walmart - Sucursal 5,Supermercado, San José
COM00136,Extremetech - Sucursal 38,Tecnología,Cartago
COM00757,McDonald's - Sucursal 26,Restaurante,ALAJUELA
COM01443,UNO - Sucursal 2,Gasolinera,Cartago
COM00129,Extremetech - Sucursal 3,Tecnología,Heredia
COM01245,Interbus - Sucursal 41,Viajes,Heredia
COM00478,iCon - Sucursal 31,Tecnología,Limón
COM01432,Gollo - Sucursal 48,Tecnología,Limón
COM01280,UNO - Sucursal 9,Gasolinera,San José
COM00366,UNO - Sucursal 41,Gasolinera,Guanacaste
COM00163,Delta - Sucursal 58,Gasolinera,Guanacaste
COM00231,Pequeño Mundo - Sucursal 54,Retail,Guanacaste
COM00342,Avianca - Sucursal 34,Viajes,Alajuela
COM00562,Sucre - Sucursal 53,Farmacia,San José
COM00079,Monge - Sucursal 52,Tecnología,Puntarenas
COM01295,PriceSmart - Sucursal 12,Supermercado,Heredia
COM01040,Sucre - Sucursal 24,Farmacia,Cartgago
COM00816,Subway - Sucursal 9,Restaurante,San José
COM00198,Pequeño Mundo - Sucursal 22,Retail,Alajuela
COM01395,Monge - Sucursal 34,Tecnología,Puntarenas
COM00266,Perimercados - Sucursal 2,Supermercado,Guanacaste
COM01220,Delta - Sucursal 57,Gasolinera,Limón
COM01497,Avianca - Sucursal 3,Viajes,Alajuela
COM00888,Aliss - Sucursal 40,Retail,Puntarenas
COM01017,Delta - Sucursal 60,Gasolinera,Puntarenas
COM00059,Burger King - Sucursal 32,Restaurante,Guanacaste
COM00194,Pizza Hut - Sucursal 22,Restaurante,Limón
COM00913,Farmacia Fischel - Sucursal 32,Farmacia,Alajuela
COM00603,Sucre - Sucursal 24,Farmacia,Alajuela
COM01021,Ekono - Sucursal 41,Retail,Cartago
COM01318,Mas x Menos - Sucursal 7,Supermercado,Cartago
COM00714,Aliss - Sucursal 31,Retail,San José
COM01254,Gollo - Sucursal 25,Tecnología,Cartago
COM01156,Pizza Hut - Sucursal 5,Restaurante,San José
COM00610,Subway - Sucursal 48,Restaurante,Heredia
COM00767,Pizza Hut - Sucursal 38,Restaurante,Heredia
COM01036,Aliss - Sucursal 46,Retail,Alajuela
COM01002,Farmacia Catedral - Sucursal 52,Farmacia,San José
COM00157,Shell - Sucursal 24,Gasolinera,puntarenas
COM00605,UNO - Sucursal 34,Gasolinera,Puntarenas
COM00899,Viajes Colón - Sucursal 16,Viajes,Limón
COM00573,Shell - Sucursal 8,Gasolinera,San José
COM00638,Ekono - Sucursal 25,Retail,Cartago
COM00352,Interbus - Sucursal 14,Viajes,Cartgago
COM01188,Pequeño Mundo - Sucursal 37,Retail,Cartago
COM01475,Interbus - Sucursal 12,Viajes,Guanacaste
COM00974,Subway - Sucursal 4,Restaurante,San José
COM00075,UNO - Sucursal 57,Gasolinera,Alajuela
COM00646,Pizza Hut - Sucursal 43,Restaurante,Heredia
COM00030,Subway - Sucursal 26,Restaurante,Puntarenas
COM00530,Avianca - Sucursal 35,Viajes,Heredia
COM01104,Sucre - Sucursal 41,Farmacia,guanacaste
COM00502,Avianca - Sucursal 46,Viajes, Heredia
COM01379,Shell - Sucursal 13,Gasolinera,Guanacaste
COM00500,Gollo - Sucursal 52,Tecnología,Heredia
COM01176,Mas x Menos - Sucursal 10,Supermercado,Limón
COM00021,Farmacia Catedral - Sucursal 4,Farmacia,San José
COM00237,Perimercados - Sucursal 40,Supermercado,Alajuela
COM01311,Gollo - Sucursal 46,Tecnología,Guanacaste
COM00029,Aliss - Sucursal 54,Retail,Heredia
COM00263,Pequeño Mundo - Sucursal 59,Retail,Cartago
COM01392,Sucre - Sucursal 5,Farmacia,San José
COM00395,Ekono - Sucursal 2,Retail,Cartago
COM01408,Walmart - Sucursal 19,Supermercado,Alajuela
COM00681,Starbucks - Sucursal 21,Restaurante,Alajuela
COM01046,Ekono - Sucursal 25,Retail,Cartago
COM00682,Farmacia Fischel - Sucursal 55,Farmacia,Alajuela
COM01491,Shell - Sucursal 39,Gasolinera,san josé
COM00559,Automercado - Sucursal 52,Supermercado,San José
COM01198,Extremetech - Sucursal 3,Tecnología,SAN JOSE
COM01050,Ekono - Sucursal 13,Retail,Guanacaste
COM00509,KFC - Sucursal 29,Restaurante,Puntarenas
COM00364,Burger King - Sucursal 10,Restaurante,Puntarenas
COM00068,Ekono - Sucursal 11,Retail,San José
COM00565,Farmacia Catedral - Sucursal 13,Farmacia,Cartago
COM01206,Monge - Sucursal 20,Tecnología,Puntarenas
COM01160,KFC - Sucursal 60,Restaurante,San José
COM00705,Automercado - Sucursal 37,Supermercado,PUNTARENAS
COM00034,Starbucks - Sucursal 5,Restaurante,San José
COM01500,Ekono - Sucursal 14,Retail,Cartago
COM00840,Farmacia Fischel - Sucursal 53,,Cartago
COM01414,Avianca - Sucursal 12,Viajes,Guanacaste
COM00517,Pizza Hut - Sucursal 29,Restaurante, San José
COM01007,Viajes Colón - Sucursal 42,Viajes,San José
COM00778,KFC - Sucursal 16,Restaurante,Heredia
COM00278,iCon - Sucursal 19,Tecnología,Heredia
COM00463,Perimercados - Sucursal 35,Supermercado,Limón
COM01164,Sucre - Sucursal 28,Farmacia,Guanacaste
COM00927,Mas x Menos - Sucursal 44,Supermercado,Limón
COM00180,Avianca - Sucursal 53,Viajes,Limón
COM00519,Subway - Sucursal 36,Restaurante,Heredia
COM00356,Gollo - Sucursal 18,Tecnología,Guanacaste
COM01018,Sucre - Sucursal 40,Farmacia,Heredia
COM00468,Monge - Sucursal 31,Tecnología,Heredia
COM00244,iCon - Sucursal 42,Tecnología,Puntarenas
COM01405,KFC - Sucursal 9,Restaurante,Heredia
COM00335,Sucre - Sucursal 18,Farmacia,Puntarenas
COM00458,Ekono - Sucursal 18,Retail,Heredia
COM01498,Delta - Sucursal 32,Gasolinera,Cartago
COM00082,La Bomba - Sucursal 15,Farmacia,Puntarenas
COM00830,iCon - Sucursal 23,Tecnología,Puntarenas
COM00452,Delta - Sucursal 41,Gasolinera,Cartago
COM00175,KFC - Sucursal 35,Restaurante,Puntarenas
COM01110,Sucre - Sucursal 37,Farmacia,Alajuela
COM01476,Perimercados - Sucursal 6,Supermercado,Puntarenas
COM00695,McDonald's - Sucursal 13,Restaurante,Cartago
COM00190,Gollo - Sucursal 9,Tecnología,Heredia
COM00587,iCon - Sucursal 37,Tecnología,Puntarenas
COM01128,iCon - Sucursal 32,Tecnología,san josé
COM00472,Gollo - Sucursal 51,Tecnología,SAN JOSE
COM01085,Delta - Sucursal 60,Gasolinera,Cartago
COM01227,PriceSmart - Sucursal 49,Supermercado,Alajuela
COM00283,Avianca - Sucursal 11,Viajes,Heredia
COM00183,Interbus - Sucursal 30,Viajes,Heredia
COM01484,Avianca - Sucursal 27,Viajes,Guanacaste
COM00125,Perimercados - Sucursal 25,Supermercado,Puntarenas
COM00397,Monge - Sucursal 50,Tecnología,Heredia
COM01451,Monge - Sucursal 32,Tecnología,Alajuela
COM01083,Shell - Sucursal 47,Gasolinera,guanacaste
COM00249,Aliss - Sucursal 9,Retail,Limón
COM01472,KFC - Sucursal 17,Restaurante,San José
COM00686,Mas x Menos - Sucursal 49,Supermercado,San José
COM00474,Gollo - Sucursal 14,Tecnología,Alajuela
COM01385,Delta - Sucursal 37,Gasolinera,Guanacaste
COM00012,Shell - Sucursal 22,Gasolinera,Heredia
COM01201,Aliss - Sucursal 35,Retail,alajuela
COM01325,UNO - Sucursal 42,Gasolinera,San José
COM01108,PriceSmart - Sucursal 14,Supermercado,Alajuela
COM01119,Burger King - Sucursal 50,Restaurante,Alajuela
COM01162,Gollo - Sucursal 13,Tecnología,Hereda
COM00499,iCon - Sucursal 30,Tecnología,Guanacaste
COM00514,La Bomba - Sucursal 35,Farmacia,Hereda
COM00063,Interbus - Sucursal 28,,Puntarenas
COM01349,Perimercados - Sucursal 52,Supermercado,San José
COM00462,Avianca - Sucursal 18,Viajes,Heredia
COM00661,Viajes Colón - Sucursal 59,Viajes,Guanacaste
COM00744,Farmacia Catedral - Sucursal 12,Farmacia,Puntarenas
COM00507,UNO - Sucursal 50,Gasolinera,Guanacaste
COM00222,Automercado - Sucursal 12,Supermercado,San José
COM01009,Viajes Colón - Sucursal 7,Viajes,San José
COM00768,Shell - Sucursal 6,Gasolinera,Cartago
COM01415,Subway - Sucursal 17,Restaurante,Cartago
COM00748,Delta - Sucursal 32,Gasolinera,Heredia
COM00421,Pizza Hut - Sucursal 58,Restaurante,Guanacaste
COM01324,Ekono - Sucursal 13,Retail,Alajuela
COM00827,Ekono - Sucursal 7,Retail,Heredia
COM00177,Subway - Sucursal 20,Restaurante,Heredia
COM01253,Subway - Sucursal 33,Restaurante,Cartago
COM00498,Avianca - Sucursal 10,Viajes,Alajuela
COM00591,Viajes Colón - Sucursal 60,Viajes,San José
COM00558,Aliss - Sucursal 58,Retail,Heredia
COM00551,Walmart - Sucursal 53,Supermercado,Cartago
COM00962,Aliss - Sucursal 5,,Puntarenas
COM01030,Perimercados - Sucursal 52,Supermercado,Guanacaste
COM00459,Automercado - Sucursal 56,Supermercado,Alajuela
COM01001,Avianca - Sucursal 41,Viajes,Guanacaste
COM01141,Pizza Hut - Sucursal 24,Restaurante,Alajuela
COM00589,UNO - Sucursal 50,Gasolinera,Hereda
COM00915,Avianca - Sucursal 5,Viajes,Guanacaste
COM00027,Starbucks - Sucursal 23,Restaurante,Guanacaste
COM00627,Despegar - Sucursal 46,Viajes,Guanacaste
COM00243,Burger King - Sucursal 8,Restaurante,Guanacaste
COM00930,Automercado - Sucursal 2,Supermercado,Alajuela
COM01154,PriceSmart - Sucursal 58,Supermercado,Puntarenas
COM00670,Starbucks - Sucursal 34,Restaurante,Alajuela
COM00920,Aliss - Sucursal 31,Retail,Puntarenas
COM00631,Delta - Sucursal 6,Gasolinera,Puntarenas
COM00215,Subway - Sucursal 23,Restaurante,Heredia
COM00656,UNO - Sucursal 20,Gasolinera,Guanacaste
COM01250,Interbus - Sucursal 53,Viajes,Puntarenas
COM00187,Sucre - Sucursal 19,Farmacia,Alajuela
COM00545,Sucre - Sucursal 30,Farmacia,Alajuela
COM00360,Extremetech - Sucursal 55,Tecnología,Alajuela
COM00841,Pequeño Mundo - Sucursal 9,Retail,SAN JOSE
COM01014,Interbus - Sucursal 46,,San José
COM01263,Avianca - Sucursal 5,Viajes,Puntarenas
COM01261,Farmacia Fischel - Sucursal 28,Farmacia,Guanacaste
COM00765,iCon - Sucursal 25,Tecnología,Heredia
COM00819,Pequeño Mundo - Sucursal 10,Retail,Limón
COM00505,Gollo - Sucursal 17,Tecnología,Alajuela
COM00904,Despegar - Sucursal 27,Viajes,Puntarenas
COM01062,Ekono - Sucursal 55,Retail,Heredia
COM00895,Delta - Sucursal 11,Gasolinera,Hereda
COM00751,Gollo - Sucursal 28,Tecnología,San José
COM00884,Burger King - Sucursal 27,Restaurante,Puntarenas
COM01483,Gollo - Sucursal 50,Tecnología,Heredia
COM01273,UNO - Sucursal 8,Gasolinera,San José
COM01356,Interbus - Sucursal 47,Viajes,Puntarenas
COM01344,Starbucks - Sucursal 25,Restaurante,Guanacaste
COM01450,UNO - Sucursal 25,Gasolinera,San José
COM00185,Despegar - Sucursal 6,Viajes,Puntarenas
COM01132,Shell - Sucursal 17,Gasolinera,Limón
COM00303,Delta - Sucursal 34,Gasolinera,Cartago
COM00402,Farmacia Fischel - Sucursal 10,Farmacia,Puntarenas
COM00359,Perimercados - Sucursal 60,Supermercado,Alajuela
COM00667,PriceSmart - Sucursal 12,Supermercado,Guanacaste
COM01366,Mas x Menos - Sucursal 3,Supermercado,Puntarenas
COM01488,Farmacia Fischel - Sucursal 53,Farmacia,Cartago
COM00226,Farmacia Fischel - Sucursal 30,Farmacia,Limón
COM00652,Aliss - Sucursal 26,Retail,Puntarenas
COM00041,KFC - Sucursal 23,Restaurante,Limón
COM01082,Ekono - Sucursal 11,Retail,Limón
COM00092,Monge - Sucursal 52,Tecnología,Heredia
COM00151,Aliss - Sucursal 27,Retail,Alajuela
COM00959,Automercado - Sucursal 46,Supermercado,Alajuela
COM00933,Farmacia Fischel - Sucursal 44,Farmacia,Cartago
COM00715,Despegar - Sucursal 58,Viajes,Guanacaste
COM00707,Pequeño Mundo - Sucursal 52,Retail,San José
COM00688,Subway - Sucursal 32,Restaurante,Guanacaste
COM00907,iCon - Sucursal 14,Tecnología,Puntarenas
COM00506,UNO - Sucursal 11,Gasolinera,Limón
COM00258,Automercado - Sucursal 55,Supermercado,limón
COM00071,Macdonalds - Sucursal 41,Restaurante,Guanacaste
COM00578,Subway - Sucursal 58,Restaurante,Limón
COM00996,McDonald's - Sucursal 10,Restaurante,San José
COM01200,Delta - Sucursal 59,Gasolinera,Heredia
COM00993,McDonald's - Sucursal 15,Restaurante,Guanacaste
COM01233,McDonald's - Sucursal 8,Restaurante,Puntarenas
COM00253,Aliss - Sucursal 25,Retail,Cartago
COM01492,Ekono - Sucursal 27,Retail,Alajuela
COM00952,KFC - Sucursal 15,Restaurante,Limón
COM00926,Aliss - Sucursal 25,Retail,Guanacaste
COM00415,Pizza Hut - Sucursal 59,Restaurante,Cartago
COM00436,PriceSmart - Sucursal 59,Supermercado,Guanacaste
COM00894,iCon - Sucursal 28,Tecnología,Limón
COM01058,Starbucks - Sucursal 19,Restaurante,Puntarenas
COM00854,Aliss - Sucursal 26,Retail,Limón
COM01335,KFC - Sucursal 51,Restaurante,Puntarenas
COM00594,Aliss - Sucursal 7,Retail,San José
COM01383,McDonald's - Sucursal 18,Restaurante,Puntarenas
COM01304,Despegar - Sucursal 13,Viajes,Guanacaste
COM00055,Ekono - Sucursal 55,Retail,heredia
COM00346,Pequeño Mundo - Sucursal 21,Retail,Limón
COM00590,Farmacia Catedral - Sucursal 10,Farmacia,San José
COM01345,Burger King - Sucursal 50,Restaurante,Guanacaste
COM00108,iCon - Sucursal 25,Tecnología,Heredia
COM01024,Aliss - Sucursal 46,Retail,Limón
COM00624,Farmacia Catedral - Sucursal 25,Farmacia,Limón
